{"combinations":[["2010-2011","1986-1987"],["2010-2011","1982-1983"],["2002-2003","2015-2016"],["2010-2011","2015-2016"],["2002-2003","2014-2015"],["2010-2011","2013-2014"],["2010-2011","2003-2004"],["2010-2011","1992-1993"],["2010-2011","2007-2008"],["2010-2011","1991-1992"],["2010-2011","2014-2015"],["2002-2003","2016-2017"],["2002-2003","2004-2005"],["2010-2011","1980-1981"],["2010-2011","1997-1998"],["2010-2011","2011-2012"],["2010-2011","2004-2005"],["2010-2011","1988-1989"],["2010-2011","2016-2017"],["2010-2011","1999-2000"],["2002-2003","1992-1993"],["2010-2011","2006-2007"],["2002-2003","2013-2014"],["2002-2003","2007-2008"],["2002-2003","2011-2012"],["2010-2011","2001-2002"],["2010-2011","1998-1999"],["2010-2011","1989-1990"],["2002-2003","1982-1983"],["2002-2003","1998-1999"],["2002-2003","2003-2004"],["2010-2011","1987-1988"],["2010-2011","2017-2018"],["2010-2011","1994-1995"],["2010-2011","1981-1982"],["2002-2003","1981-1982"],["2002-2003","1986-1987"],["2002-2003","2017-2018"],["2002-2003","1980-1981"],["2002-2003","2001-2002"],["2002-2003","1997-1998"],["2002-2003","2018-2019"],["2002-2003","1991-1992"],["2002-2003","1999-2000"],["2010-2011","2018-2019"],["2002-2003","1989-1990"],["2002-2003","1988-1989"],["2002-2003","2006-2007"],["2002-2003","1987-1988"],["2010-2011","1993-1994"],["2002-2003","1983-1984"],["2010-2011","1983-1984"],["2002-2003","1993-1994"],["2002-2003","1994-1995"],["2010-2011","2012-2013"],["2010-2011","1990-1991"],["2002-2003","1990-1991"],["2010-2011","1984-1985"],["2010-2011","2000-2001"],["2002-2003","1985-1986"],["2002-2003","2012-2013"],["2010-2011","1996-1997"],["2002-2003","2000-2001"],["2002-2003","2008-2009"],["2010-2011","2008-2009"],["2010-2011","1995-1996"],["2010-2011","1985-1986"],["2010-2011","2002-2003"],["2002-2003","2010-2011"],["2010-2011","2005-2006"],["2002-2003","1996-1997"],["2010-2011","2009-2010"],["2002-2003","2005-2006"],["2002-2003","1984-1985"],["2002-2003","2009-2010"],["2002-2003","1995-1996"]],"sum_func":"sqrt_sum","opt_func":"sqrt_sum(x) + (sigmoid((sum(x)-1.011)*1000) + sigmoid((0.989-sum(x))*1000))*100000","best_weights":{"[\"2002-2003\", \"2014-2015\"]":[0.05,0.95],"[\"2002-2003\", \"2007-2008\"]":[0.17244672450197898,0.8277966766784097],"[\"2010-2011\", \"2005-2006\"]":[0.7749098439695382,0.2222314900355589],"[\"2010-2011\", \"1985-1986\"]":[0.28578155342704475,0.7102897267432671],"[\"2002-2003\", \"1991-1992\"]":[0.1221339969114438,0.8796546590176343],"[\"2010-2011\", \"2001-2002\"]":[0.3868421902520995,0.6134568674758294],"[\"2002-2003\", \"2001-2002\"]":[0.12736418392017834,0.8748006866312883],"[\"2010-2011\", \"1988-1989\"]":[0.5,0.5],"[\"2010-2011\", \"2014-2015\"]":[0.19606279971574023,0.8005623943574176],"[\"2002-2003\", \"1988-1989\"]":[0.3436869969305073,0.6541887481122106],"[\"2010-2011\", \"1986-1987\"]":[0.45125385529963175,0.5455794294697885],"[\"2010-2011\", \"2012-2013\"]":[0.5,0.5],"[\"2010-2011\", \"2009-2010\"]":[0.8183534400244449,0.179533872849889],"[\"2010-2011\", \"2013-2014\"]":[0.45414928292170464,0.5439335811787913],"[\"2010-2011\", \"2015-2016\"]":[0.2982157576392621,0.6976697069274848],"[\"2010-2011\", \"1990-1991\"]":[0.27423507861785257,0.7247025355834038],"[\"2002-2003\", \"2006-2007\"]":[0.295152134004858,0.7062286431253209],"[\"2002-2003\", \"1981-1982\"]":[0.05,0.95],"[\"2002-2003\", \"1994-1995\"]":[0.3690149953847773,0.6333376182239081],"[\"2002-2003\", \"2017-2018\"]":[0.05,0.95],"[\"2002-2003\", \"2008-2009\"]":[0.05,0.95],"[\"2010-2011\", \"2011-2012\"]":[0.38278447420626777,0.6202100093885479],"[\"2002-2003\", \"2009-2010\"]":[0.05,0.95],"[\"2002-2003\", \"2005-2006\"]":[0.05,0.95],"[\"2002-2003\", \"2016-2017\"]":[0.05,0.95],"[\"2010-2011\", \"2017-2018\"]":[0.33222121153866957,0.6644233074675245],"[\"2002-2003\", \"1980-1981\"]":[0.15435233814086505,0.8436525051789485],"[\"2010-2011\", \"1989-1990\"]":[0.41868043647888686,0.584805174777556],"[\"2002-2003\", \"1998-1999\"]":[0.12659737151490386,0.8706321071980598],"[\"2010-2011\", \"2003-2004\"]":[0.3660756759763857,0.6322528743640256],"[\"2010-2011\", \"1993-1994\"]":[0.4488168326663892,0.5495250819781557],"[\"2010-2011\", \"1981-1982\"]":[0.22466201459887725,0.7750875362794857],"[\"2002-2003\", \"1993-1994\"]":[0.15154176595734514,0.8446632880779317],"[\"2010-2011\", \"1996-1997\"]":[0.5,0.5],"[\"2010-2011\", \"2007-2008\"]":[0.4090656386588085,0.5889451852955129],"[\"2002-2003\", \"1985-1986\"]":[0.05,0.95],"[\"2002-2003\", \"1989-1990\"]":[0.2037146101971304,0.8001214169779537],"[\"2002-2003\", \"1986-1987\"]":[0.2997457260603585,0.6971750402290579],"[\"2010-2011\", \"2006-2007\"]":[0.5000763706451675,0.5013631691897594],"[\"2010-2011\", \"1987-1988\"]":[0.36983008923457206,0.6273593830105675],"[\"2010-2011\", \"1994-1995\"]":[0.5877610432678562,0.4164832766451983],"[\"2002-2003\", \"2000-2001\"]":[0.05,0.95],"[\"2002-2003\", \"1992-1993\"]":[0.244782926242192,0.7536455769414129],"[\"2002-2003\", \"1990-1991\"]":[0.05,0.95],"[\"2002-2003\", \"1999-2000\"]":[0.2940777457057896,0.7091915983824639],"[\"2010-2011\", \"2008-2009\"]":[0.3533267960688525,0.644708888299975],"[\"2002-2003\", \"1995-1996\"]":[0.6984913201681396,0.30065876278506576],"[\"2002-2003\", \"1987-1988\"]":[0.128434262082545,0.8708245845838478],"[\"2010-2011\", \"2004-2005\"]":[0.3742496625604231,0.627331676944692],"[\"2002-2003\", \"1983-1984\"]":[0.05,0.95],"[\"2002-2003\", \"1982-1983\"]":[0.229008357814779,0.7678227924180282],"[\"2002-2003\", \"2012-2013\"]":[0.05,0.95],"[\"2002-2003\", \"1996-1997\"]":[0.05,0.95],"[\"2010-2011\", \"1998-1999\"]":[0.3413446776989656,0.6558444495561337],"[\"2002-2003\", \"2018-2019\"]":[0.12366632121848395,0.8763084967482617],"[\"2010-2011\", \"1999-2000\"]":[0.45451290582212056,0.5479904262967787],"[\"2010-2011\", \"2002-2003\"]":[0.95,0.05],"[\"2002-2003\", \"2013-2014\"]":[0.2541676009039162,0.7442907366420266],"[\"2010-2011\", \"1992-1993\"]":[0.4018811003103174,0.5987442051409093],"[\"2010-2011\", \"1991-1992\"]":[0.3992003606885988,0.5998534566071292],"[\"2002-2003\", \"2015-2016\"]":[0.09831253496144168,0.8993467643476408],"[\"2010-2011\", \"1984-1985\"]":[0.7019717753705857,0.29480643479983887],"[\"2002-2003\", \"2011-2012\"]":[0.13189002375689618,0.870990414434887],"[\"2010-2011\", \"1982-1983\"]":[0.46845781457766655,0.5313519382359856],"[\"2010-2011\", \"1980-1981\"]":[0.46481041746563334,0.5330563126240611],"[\"2002-2003\", \"2004-2005\"]":[0.12430571080054217,0.879486747214642],"[\"2010-2011\", \"1997-1998\"]":[0.41201606270186436,0.5847619517887718],"[\"2010-2011\", \"2000-2001\"]":[0.5611058832575115,0.43646475506714677],"[\"2002-2003\", \"1997-1998\"]":[0.12405898890654896,0.8745069533452369],"[\"2002-2003\", \"1984-1985\"]":[0.05,0.95],"[\"2010-2011\", \"1995-1996\"]":[0.95,0.05],"[\"2010-2011\", \"1983-1984\"]":[0.3221650328860288,0.6752170437408498],"[\"2010-2011\", \"2016-2017\"]":[0.27783560297081433,0.7195550876251968],"[\"2002-2003\", \"2010-2011\"]":[0.05,0.95],"[\"2002-2003\", \"2003-2004\"]":[0.1194932061346271,0.8779815714834691],"[\"2010-2011\", \"2018-2019\"]":[0.3246141806464746,0.6788571241935728]},