{"combinations":[["2010-2011","1981-1982","1982-1983"],["2002-2003","1982-1983","2010-2011"],["2010-2011","1982-1983","2002-2003"],["2010-2011","1980-1981","1982-1983"],["2010-2011","1982-1983","1983-1984"],["2002-2003","1981-1982","1982-1983"],["2010-2011","1980-1981","1981-1982"],["2010-2011","1980-1981","2002-2003"],["2002-2003","1980-1981","2010-2011"],["2010-2011","1980-1981","1983-1984"],["2002-2003","1980-1981","1981-1982"],["2002-2003","1980-1981","1982-1983"],["2002-2003","1981-1982","1983-1984"],["2002-2003","1982-1983","1983-1984"],["2010-2011","1981-1982","1983-1984"],["2002-2003","1981-1982","2010-2011"],["2010-2011","1981-1982","2002-2003"],["2002-2003","1980-1981","1983-1984"],["2002-2003","1983-1984","2010-2011"],["2010-2011","1983-1984","2002-2003"]],"sum_func":"sqrt_sum","opt_func":"sqrt_sum(x) + (sigmoid((sum(x)-1.011)*1000) + sigmoid((0.989-sum(x))*1000))*100000","best_weights":{"[\"2002-2003\", \"1982-1983\", \"2010-2011\"]":[0.05422325596564266,0.5005445127428353,0.4412758089643665],"[\"2002-2003\", \"1981-1982\", \"1983-1984\"]":[0.05203615368627934,0.44337613038126245,0.506780862313314],"[\"2002-2003\", \"1983-1984\", \"2010-2011\"]":[0.065984611493227,0.7373637091237517,0.19627106736884234],"[\"2010-2011\", \"1980-1981\", \"1983-1984\"]":[0.21853081674180036,0.3931465549770044,0.3896666745275794],"[\"2002-2003\", \"1981-1982\", \"2010-2011\"]":[0.03934613714294241,0.7471442478876427,0.21244262296878852],"[\"2010-2011\", \"1981-1982\", \"2002-2003\"]":[0.06519048073872212,0.8799290548554449,0.05096839756448236],"[\"2010-2011\", \"1981-1982\", \"1982-1983\"]":[0.3380489704498237,0.291864724176792,0.374710349085228],"[\"2010-2011\", \"1980-1981\", \"2002-2003\"]":[0.2909067624513691,0.6070712458090297,0.10016305419706623],"[\"2010-2011\", \"1980-1981\", \"1982-1983\"]":[0.3333333333333333,0.3333333333333333,0.3333333333333333],"[\"2002-2003\", \"1980-1981\", \"1983-1984\"]":[0.07907064425897634,0.8047812498509627,0.12047370155234038],"[\"2010-2011\", \"1982-1983\", \"2002-2003\"]":[0.3095705626665412,0.6113223223216756,0.07979845062553484],"[\"2002-2003\", \"1981-1982\", \"1982-1983\"]":[0.07642903449665919,0.5863393301151248,0.33524135682857903],"[\"2002-2003\", \"1980-1981\", \"1982-1983\"]":[0.21984511889630615,0.3667613985138122,0.4110873805605626],"[\"2002-2003\", \"1980-1981\", \"1981-1982\"]":[0.11013217335135433,0.4532963692928951,0.43953690273202894],"[\"2010-2011\", \"1982-1983\", \"1983-1984\"]":[0.27501930899722904,0.5346454771076538,0.18734121776618373],"[\"2010-2011\", \"1981-1982\", \"1983-1984\"]":[0.1956608427411532,0.5107650256077043,0.29388920589706047],"[\"2010-2011\", \"1983-1984\", \"2002-2003\"]":[0.21820568709616003,0.6361604041644534,0.14913008858724236],"[\"2010-2011\", \"1980-1981\", \"1981-1982\"]":[0.35166972126236296,0.4416443373924043,0.20438461895164656],"[\"2002-2003\", \"1980-1981\", \"2010-2011\"]":[0.10248140815289052,0.5411450595213784,0.3596300198836825],"[\"2002-2003\", \"1982-1983\", \"1983-1984\"]":[0.05599247978633185,0.6201201799838257,0.3232546478739736]},"best_errors":{"[\"2002-2003\", \"1982-1983\", \"2010-2011\"]":51887.87983633285,"[\"2002-2003\", \"1981-1982\", \"1983-1984\"]":58263.95295906821,"[\"2002-2003\", \"1983-1984\", \"2010-2011\"]":65627.14476052736,"[\"2010-2011\", \"1980-1981\", \"1983-1984\"]":57321.98314195483,"[\"2002-2003\", \"1981-1982\", \"2010-2011\"]":61518.894605748654,"[\"2010-2011\", \"1981-1982\", \"2002-2003\"]":61820.589199340575,"[\"2010-2011\", \"1981-1982\", \"1982-1983\"]":50625.87220617934,"[\"2010-2011\", \"1980-1981\", \"2002-2003\"]":56261.48906389999,"[\"2010-2011\", \"1980-1981\", \"1982-1983\"]":53508.53978303803,"[\"2002-2003\", \"1980-1981\", \"1983-1984\"]":62285.35856614478,"[\"2010-2011\", \"1982-1983\", \"2002-2003\"]":52958.04210619697,"[\"2002-2003\", \"1981-1982\", \"1982-1983\"]":54921.13674357365,"[\"2002-2003\", \"1980-1981\", \"1982-1983\"]":57946.74789933686,"[\"2002-2003\", \"1980-1981\", \"1981-1982\"]":57326.04013279764,"[\"2010-2011\", \"1982-1983\", \"1983-1984\"]":54892.43704026925,"[\"2010-2011\", \"1981-1982\", \"1983-1984\"]":58650.43714397045,"[\"2010-2011\", \"1983-1984\", \"2002-2003\"]":67240.66873960539,"[\"2010-2011\", \"1980-1981\", \"1981-1982\"]":55665.52688476989,"[\"2002-2003\", \"1980-1981\", \"2010-2011\"]":56393.8401611513,"[\"2002-2003\", \"1982-1983\", \"1983-1984\"]":58413.67866781901},"60":60,"best_alg":{"[\"2002-2003\", \"1982-1983\", \"2010-2011\"]":"pso","[\"2002-2003\", \"1981-1982\", \"1983-1984\"]":"pso","[\"2002-2003\", \"1983-1984\", \"2010-2011\"]":"pso","[\"2010-2011\", \"1980-1981\", \"1983-1984\"]":"probabilistic_descent","[\"2002-2003\", \"1981-1982\", \"2010-2011\"]":"probabilistic_descent","[\"2010-2011\", \"1981-1982\", \"2002-2003\"]":"pso","[\"2010-2011\", \"1981-1982\", \"1982-1983\"]":"pso","[\"2010-2011\", \"1980-1981\", \"2002-2003\"]":"pso","[\"2010-2011\", \"1980-1981\", \"1982-1983\"]":"pso","[\"2002-2003\", \"1980-1981\", \"1983-1984\"]":"pso","[\"2010-2011\", \"1982-1983\", \"2002-2003\"]":"probabilistic_descent","[\"2002-2003\", \"1981-1982\", \"1982-1983\"]":"pso","[\"2002-2003\", \"1980-1981\", \"1982-1983\"]":"pso","[\"2002-2003\", \"1980-1981\", \"1981-1982\"]":"probabilistic_descent","[\"2010-2011\", \"1982-1983\", \"1983-1984\"]":"probabilistic_descent","[\"2010-2011\", \"1981-1982\", \"1983-1984\"]":"pso","[\"2010-2011\", \"1983-1984\", \"2002-2003\"]":"pso","[\"2010-2011\", \"1980-1981\", \"1981-1982\"]":"pso","[\"2002-2003\", \"1980-1981\", \"2010-2011\"]":"pso","[\"2002-2003\", \"1982-1983\", \"1983-1984\"]":"probabilistic_descent"}}