{"combinations":[["2002-2003","1997-1998","1998-1999"],["2010-2011","1997-1998","1998-1999"],["2010-2011","1996-1997","1997-1998"],["2002-2003","1997-1998","2010-2011"],["2002-2003","1996-1997","1998-1999"],["2010-2011","1996-1997","1998-1999"],["2010-2011","1997-1998","2002-2003"],["2002-2003","1998-1999","2010-2011"],["2010-2011","1995-1996","1997-1998"],["2010-2011","1998-1999","2002-2003"],["2010-2011","1995-1996","1998-1999"],["2002-2003","1996-1997","1997-1998"],["2002-2003","1995-1996","1998-1999"],["2002-2003","1995-1996","1997-1998"],["2010-2011","1995-1996","1996-1997"],["2002-2003","1996-1997","2010-2011"],["2010-2011","1996-1997","2002-2003"],["2010-2011","1995-1996","2002-2003"],["2002-2003","1995-1996","2010-2011"],["2002-2003","1995-1996","1996-1997"]],"sum_func":"sqrt_sum","opt_func":"sqrt_sum(x) + (sigmoid((sum(x)-1.011)*1000) + sigmoid((0.989-sum(x))*1000))*100000","best_weights":{"[\"2010-2011\", \"1998-1999\", \"2002-2003\"]":[0.33207308544604475,0.584921290022481,0.0774314559186994],"[\"2010-2011\", \"1996-1997\", \"2002-2003\"]":[0.5107314994072434,0.4630815162941294,0.02790680485099153],"[\"2010-2011\", \"1996-1997\", \"1997-1998\"]":[0.31896328122380835,0.20607945028851743,0.47258480988515594],"[\"2002-2003\", \"1996-1997\", \"1998-1999\"]":[0.04600802335725862,0.23602438435877285,0.7199331453018493],"[\"2002-2003\", \"1995-1996\", \"1996-1997\"]":[0.04822130120080652,0.0024249920653784353,0.9493972594895582],"[\"2002-2003\", \"1996-1997\", \"2010-2011\"]":[0.05665622804518101,0.35939245562845556,0.58284622406831],"[\"2010-2011\", \"1995-1996\", \"1997-1998\"]":[0.3683015098408799,0.10451838430692947,0.5243763580158669],"[\"2010-2011\", \"1995-1996\", \"2002-2003\"]":[0.9075368744022617,0.05716339585355331,0.034683661298485866],"[\"2002-2003\", \"1997-1998\", \"1998-1999\"]":[0.08777035249428256,0.4167877642144491,0.49543307635038947],"[\"2002-2003\", \"1995-1996\", \"1997-1998\"]":[0.0774202610196931,0.04262742298250355,0.8749261768946442],"[\"2002-2003\", \"1995-1996\", \"1998-1999\"]":[0.10687719717545151,0.061867337679644405,0.8299869019465316],"[\"2002-2003\", \"1998-1999\", \"2010-2011\"]":[0.0828449494338379,0.6343022557632041,0.28211396565810454],"[\"2010-2011\", \"1996-1997\", \"1998-1999\"]":[0.15741889396225373,0.19457312399448673,0.6451691013171024],"[\"2002-2003\", \"1996-1997\", \"1997-1998\"]":[0.08321615225750507,0.18921703047979893,0.7230728904800723],"[\"2002-2003\", \"1997-1998\", \"2010-2011\"]":[0.05407026385560799,0.5500940527050314,0.3926471347475918],"[\"2010-2011\", \"1995-1996\", \"1996-1997\"]":[0.5336097113185295,0.06149444208024578,0.40818745788429556],"[\"2010-2011\", \"1997-1998\", \"1998-1999\"]":[0.17348233154023052,0.36065167566817563,0.46599043090936376],"[\"2010-2011\", \"1995-1996\", \"1998-1999\"]":[0.3880522339430611,0.06222110109731329,0.5542768045255713],"[\"2002-2003\", \"1995-1996\", \"2010-2011\"]":[0.0,0.07046198380786539,0.9253581211029431],"[\"2010-2011\", \"1997-1998\", \"2002-2003\"]":[0.22866614327133392,0.687261632553267,0.07931801853593429]},"best_errors":{"[\"2010-2011\", \"1998-1999\", \"2002-2003\"]":59268.043727750795,"[\"2010-2011\", \"1996-1997\", \"2002-2003\"]":73791.73064883055,"[\"2010-2011\", \"1996-1997\", \"1997-1998\"]":56332.61208508807,"[\"2002-2003\", \"1996-1997\", \"1998-1999\"]":57326.053984604805,"[\"2002-2003\", \"1995-1996\", \"1996-1997\"]":79372.12353815959,"[\"2002-2003\", \"1996-1997\", \"2010-2011\"]":73340.3055776746,"[\"2010-2011\", \"1995-1996\", \"1997-1998\"]":59198.83006389155,"[\"2010-2011\", \"1995-1996\", \"2002-2003\"]":77109.55078020385,"[\"2002-2003\", \"1997-1998\", \"1998-1999\"]":52444.97286401295,"[\"2002-2003\", \"1995-1996\", \"1997-1998\"]":64211.055427548534,"[\"2002-2003\", \"1995-1996\", \"1998-1999\"]":62541.275532514606,"[\"2002-2003\", \"1998-1999\", \"2010-2011\"]":58871.70422591436,"[\"2010-2011\", \"1996-1997\", \"1998-1999\"]":58296.37757923346,"[\"2002-2003\", \"1996-1997\", \"1997-1998\"]":61449.19866317376,"[\"2002-2003\", \"1997-1998\", \"2010-2011\"]":56718.03399447098,"[\"2010-2011\", \"1995-1996\", \"1996-1997\"]":73024.51956501759,"[\"2010-2011\", \"1997-1998\", \"1998-1999\"]":53352.50565334387,"[\"2010-2011\", \"1995-1996\", \"1998-1999\"]":59446.33681401778,"[\"2002-2003\", \"1995-1996\", \"2010-2011\"]":77374.63208512453,"[\"2010-2011\", \"1997-1998\", \"2002-2003\"]":58479.891353508785},"60":60,"best_alg":{"[\"2010-2011\", \"1998-1999\", \"2002-2003\"]":"generating_set_search","[\"2010-2011\", \"1996-1997\", \"2002-2003\"]":"simulated_annealing","[\"2010-2011\", \"1996-1997\", \"1997-1998\"]":"pso","[\"2002-2003\", \"1996-1997\", \"1998-1999\"]":"generating_set_search","[\"2002-2003\", \"1995-1996\", \"1996-1997\"]":"generating_set_search","[\"2002-2003\", \"1996-1997\", \"2010-2011\"]":"generating_set_search","[\"2010-2011\", \"1995-1996\", \"1997-1998\"]":"simulated_annealing","[\"2010-2011\", \"1995-1996\", \"2002-2003\"]":"adaptive_de_rand_1_bin","[\"2002-2003\", \"1997-1998\", \"1998-1999\"]":"dxnes","[\"2002-2003\", \"1995-1996\", \"1997-1998\"]":"simulated_annealing","[\"2002-2003\", \"1995-1996\", \"1998-1999\"]":"adaptive_de_rand_1_bin_radiuslimited","[\"2002-2003\", \"1998-1999\", \"2010-2011\"]":"dxnes","[\"2010-2011\", \"1996-1997\", \"1998-1999\"]":"probabilistic_descent","[\"2002-2003\", \"1996-1997\", \"1997-1998\"]":"generating_set_search","[\"2002-2003\", \"1997-1998\", \"2010-2011\"]":"adaptive_de_rand_1_bin_radiuslimited","[\"2010-2011\", \"1995-1996\", \"1996-1997\"]":"adaptive_de_rand_1_bin","[\"2010-2011\", \"1997-1998\", \"1998-1999\"]":"generating_set_search","[\"2010-2011\", \"1995-1996\", \"1998-1999\"]":"pso","[\"2002-2003\", \"1995-1996\", \"2010-2011\"]":"generating_set_search","[\"2010-2011\", \"1997-1998\", \"2002-2003\"]":"adaptive_de_rand_1_bin_radiuslimited"}}