{"combinations":[["2010-2011","1986-1987"],["2010-2011","1982-1983"],["2002-2003","2015-2016"],["2010-2011","2015-2016"],["2002-2003","2014-2015"],["2010-2011","2013-2014"],["2010-2011","2003-2004"],["2010-2011","1992-1993"],["2010-2011","2007-2008"],["2010-2011","1991-1992"],["2010-2011","2014-2015"],["2002-2003","2016-2017"],["2002-2003","2004-2005"],["2010-2011","1980-1981"],["2010-2011","2011-2012"],["2010-2011","2004-2005"],["2010-2011","1988-1989"],["2010-2011","1997-1998"],["2010-2011","2016-2017"],["2010-2011","1999-2000"],["2002-2003","1992-1993"],["2010-2011","2006-2007"],["2002-2003","2013-2014"],["2002-2003","2007-2008"],["2002-2003","2011-2012"],["2010-2011","2001-2002"],["2010-2011","1998-1999"],["2010-2011","1989-1990"],["2002-2003","1982-1983"],["2002-2003","1998-1999"],["2002-2003","2003-2004"],["2010-2011","1987-1988"],["2010-2011","2017-2018"],["2010-2011","1994-1995"],["2010-2011","1981-1982"],["2002-2003","1981-1982"],["2002-2003","2017-2018"],["2002-2003","1986-1987"],["2002-2003","1980-1981"],["2002-2003","2001-2002"],["2002-2003","1997-1998"],["2002-2003","2018-2019"],["2002-2003","1991-1992"],["2002-2003","1999-2000"],["2010-2011","2018-2019"],["2002-2003","1989-1990"],["2002-2003","1988-1989"],["2002-2003","2006-2007"],["2002-2003","1987-1988"],["2010-2011","1983-1984"],["2002-2003","1983-1984"],["2010-2011","1993-1994"],["2002-2003","1993-1994"],["2002-2003","1994-1995"],["2010-2011","2012-2013"],["2010-2011","1990-1991"],["2002-2003","1990-1991"],["2010-2011","1984-1985"],["2010-2011","2000-2001"],["2002-2003","1985-1986"],["2002-2003","2012-2013"],["2010-2011","1996-1997"],["2002-2003","2000-2001"],["2002-2003","2008-2009"],["2010-2011","2008-2009"],["2010-2011","1995-1996"],["2010-2011","1985-1986"],["2010-2011","2002-2003"],["2002-2003","2010-2011"],["2010-2011","2005-2006"],["2002-2003","1996-1997"],["2010-2011","2009-2010"],["2002-2003","2005-2006"],["2002-2003","1984-1985"],["2002-2003","2009-2010"],["2002-2003","1995-1996"]],"sum_func":"sqrt_sum","opt_func":"sqrt_sum(x) + (sigmoid((sum(x)-1.011)*1000) + sigmoid((0.989-sum(x))*1000))*100000","best_weights":{"[\"2002-2003\", \"2014-2015\"]":[0.05,0.95],"[\"2002-2003\", \"2007-2008\"]":[0.19360877108970473,0.8053642005121602],"[\"2010-2011\", \"2005-2006\"]":[0.7325744337396648,0.2650182268614935],"[\"2010-2011\", \"1985-1986\"]":[0.2908320796640384,0.7063613585312722],"[\"2002-2003\", \"1991-1992\"]":[0.13340163443171882,0.8678903165189298],"[\"2010-2011\", \"2001-2002\"]":[0.379089669286398,0.621516848437222],"[\"2002-2003\", \"2001-2002\"]":[0.12949931858837654,0.871660182715737],"[\"2010-2011\", \"1988-1989\"]":[0.5,0.5],"[\"2010-2011\", \"2014-2015\"]":[0.20283788138007575,0.7955345610467327],"[\"2002-2003\", \"1988-1989\"]":[0.32659299464500674,0.6705566209292536],"[\"2010-2011\", \"1986-1987\"]":[0.5,0.5],"[\"2010-2011\", \"2012-2013\"]":[0.5,0.5],"[\"2010-2011\", \"2009-2010\"]":[0.8715943747626086,0.129675539781959],"[\"2010-2011\", \"2013-2014\"]":[0.4564454774133314,0.5408686659782767],"[\"2010-2011\", \"2015-2016\"]":[0.2953589211152883,0.7029260589800556],"[\"2010-2011\", \"1990-1991\"]":[0.31235450504769896,0.6865254388724629],"[\"2002-2003\", \"2006-2007\"]":[0.24898608936215386,0.754000433667213],"[\"2002-2003\", \"2008-2009\"]":[0.05,0.95],"[\"2002-2003\", \"2017-2018\"]":[0.05,0.95],"[\"2002-2003\", \"1981-1982\"]":[0.05,0.95],"[\"2002-2003\", \"1994-1995\"]":[0.369767433123255,0.632214732713026],"[\"2010-2011\", \"2011-2012\"]":[0.3738568605069293,0.6274086734204346],"[\"2002-2003\", \"2009-2010\"]":[0.05,0.95],"[\"2002-2003\", \"2005-2006\"]":[0.05,0.95],"[\"2002-2003\", \"2016-2017\"]":[0.05,0.95],"[\"2010-2011\", \"2017-2018\"]":[0.3309994533569546,0.6666985868573048],"[\"2002-2003\", \"1980-1981\"]":[0.18626378413813097,0.8137076451897071],"[\"2010-2011\", \"1989-1990\"]":[0.41247980800218986,0.5907302035700981],"[\"2002-2003\", \"1998-1999\"]":[0.12670584635587412,0.8708338791267787],"[\"2010-2011\", \"2003-2004\"]":[0.3835426253484291,0.6127812201590551],"[\"2010-2011\", \"1993-1994\"]":[0.4521327285400007,0.5444237207251295],"[\"2010-2011\", \"1981-1982\"]":[0.240745579652281,0.755879244095748],"[\"2002-2003\", \"1993-1994\"]":[0.13327792937574412,0.8662566076449721],"[\"2010-2011\", \"1996-1997\"]":[0.5,0.5],"[\"2010-2011\", \"2007-2008\"]":[0.3886553428238518,0.6103214664079026],"[\"2002-2003\", \"1985-1986\"]":[0.05,0.95],"[\"2002-2003\", \"1986-1987\"]":[0.29901901339433873,0.6961775377541294],"[\"2002-2003\", \"1989-1990\"]":[0.15437654778274174,0.8476794367651304],"[\"2010-2011\", \"2006-2007\"]":[0.48487197723956443,0.5188376344937866],"[\"2010-2011\", \"1987-1988\"]":[0.3765435581628445,0.6228256386919842],"[\"2010-2011\", \"1994-1995\"]":[0.5761154838280048,0.4257964262117264],"[\"2002-2003\", \"2000-2001\"]":[0.05,0.95],"[\"2002-2003\", \"1992-1993\"]":[0.26228234757051283,0.7357685880142287],"[\"2002-2003\", \"1990-1991\"]":[0.05,0.95],"[\"2002-2003\", \"1999-2000\"]":[0.29483687728624397,0.7078977568167385],"[\"2010-2011\", \"2008-2009\"]":[0.327726627176877,0.6690136919190994],"[\"2002-2003\", \"1995-1996\"]":[0.6806147099855505,0.31589839855998314],"[\"2002-2003\", \"1987-1988\"]":[0.1509502660147361,0.8473539633246205],"[\"2010-2011\", \"2004-2005\"]":[0.3716307590243046,0.6319209748684772],"[\"2002-2003\", \"1983-1984\"]":[0.05,0.95],"[\"2002-2003\", \"1982-1983\"]":[0.23590641090867961,0.7639715071373466],"[\"2002-2003\", \"2012-2013\"]":[0.05,0.95],"[\"2002-2003\", \"1996-1997\"]":[0.05,0.95],"[\"2010-2011\", \"1998-1999\"]":[0.35242490540761484,0.6459246678332268],"[\"2002-2003\", \"2018-2019\"]":[0.12564529049133102,0.878299851488415],"[\"2010-2011\", \"1999-2000\"]":[0.47251887076087734,0.5284999883284541],"[\"2010-2011\", \"2002-2003\"]":[0.95,0.05],"[\"2002-2003\", \"2013-2014\"]":[0.25546207885258027,0.7434672661121179],"[\"2010-2011\", \"1992-1993\"]":[0.3759003340161364,0.6263544939970371],"[\"2010-2011\", \"1991-1992\"]":[0.399699444799426,0.6038414501740696],"[\"2002-2003\", \"2015-2016\"]":[0.05,0.95],"[\"2010-2011\", \"1984-1985\"]":[0.7000461090165968,0.29895316230249974],"[\"2002-2003\", \"2011-2012\"]":[0.14702145999832886,0.8556810773136911],"[\"2010-2011\", \"1982-1983\"]":[0.47064135391373635,0.5283360944046361],"[\"2010-2011\", \"1980-1981\"]":[0.4478845729449125,0.5503632991594956],"[\"2002-2003\", \"2004-2005\"]":[0.12386704388625248,0.8762798744450694],"[\"2010-2011\", \"1997-1998\"]":[0.43857827505077757,0.5612800678226596],"[\"2010-2011\", \"2000-2001\"]":[0.5396667864772652,0.4583092153199885],"[\"2002-2003\", \"1997-1998\"]":[0.10556373308606137,0.8929882627429953],"[\"2002-2003\", \"1984-1985\"]":[0.05,0.95],"[\"2010-2011\", \"1995-1996\"]":[0.95,0.05],"[\"2010-2011\", \"1983-1984\"]":[0.29990231466028744,0.6976337544126966],"[\"2010-2011\", \"2016-2017\"]":[0.2342643999379086,0.7627670503144621],"[\"2002-2003\", \"2010-2011\"]":[0.05,0.95],"[\"2002-2003\", \"2003-2004\"]":[0.10043336208649523,0.8955985301843851],"[\"2010-2011\", \"2018-2019\"]":[0.3333333333333333,0.6666666666666666]},