{"combinations":[["2010-2011","1981-1982","1982-1983"],["2010-2011","1980-1981","1982-1983"],["2002-2003","1980-1981","1985-1986"],["2010-2011","1982-1983","1983-1984"],["2002-2003","1982-1983","2010-2011"],["2010-2011","1982-1983","1985-1986"],["2002-2003","1980-1981","1982-1983"],["2010-2011","1980-1981","1983-1984"],["2010-2011","1980-1981","1981-1982"],["2010-2011","1980-1981","1984-1985"],["2010-2011","1982-1983","1984-1985"],["2010-2011","1982-1983","2002-2003"],["2002-2003","1981-1982","1982-1983"],["2002-2003","1982-1983","1985-1986"],["2002-2003","1980-1981","2010-2011"],["2010-2011","1981-1982","1983-1984"],["2002-2003","1980-1981","1981-1982"],["2002-2003","1982-1983","1983-1984"],["2002-2003","1980-1981","1983-1984"],["2002-2003","1982-1983","1984-1985"],["2010-2011","1980-1981","1985-1986"],["2010-2011","1980-1981","2002-2003"],["2002-2003","1980-1981","1984-1985"],["2010-2011","1981-1982","1984-1985"],["2002-2003","1981-1982","1983-1984"],["2010-2011","1981-1982","1985-1986"],["2010-2011","1983-1984","1984-1985"],["2002-2003","1981-1982","1984-1985"],["2010-2011","1981-1982","2002-2003"],["2002-2003","1981-1982","1985-1986"],["2002-2003","1981-1982","2010-2011"],["2010-2011","1983-1984","1985-1986"],["2010-2011","1983-1984","2002-2003"],["2010-2011","1984-1985","1985-1986"],["2002-2003","1983-1984","2010-2011"],["2002-2003","1983-1984","1984-1985"],["2002-2003","1984-1985","2010-2011"],["2002-2003","1983-1984","1985-1986"],["2010-2011","1984-1985","2002-2003"],["2002-2003","1984-1985","1985-1986"],["2002-2003","1985-1986","2010-2011"],["2010-2011","1985-1986","2002-2003"]],"sum_func":"weighted_mat_sum","opt_func":"weighted_mat_sum(x) + (sigmoid((sum(x)-1.011)*1000) + sigmoid((0.989-sum(x))*1000))*100000","6.0":6.0,"best_weights":{"[\"2010-2011\", \"1981-1982\", \"2002-2003\"]":[0.2620964718981439,0.7202232651401324,0.04470886759112659],"[\"2010-2011\", \"1980-1981\", \"1985-1986\"]":[0.20716432388588663,0.7837639378967113,0.008931270199202401],"[\"2010-2011\", \"1984-1985\", \"1985-1986\"]":[0.3333333333333333,0.3333333333333333,0.3333333333333333],"[\"2010-2011\", \"1980-1981\", \"1983-1984\"]":[0.3094272172239102,0.5826168106252669,0.10628591749792182],"[\"2010-2011\", \"1981-1982\", \"1985-1986\"]":[0.3333333333333333,0.3333333333333333,0.3333333333333333],"[\"2010-2011\", \"1983-1984\", \"1984-1985\"]":[0.3333333333333333,0.3333333333333333,0.3333333333333333],"[\"2010-2011\", \"1983-1984\", \"1985-1986\"]":[0.3333333333333333,0.3333333333333333,0.3333333333333333],"[\"2010-2011\", \"1985-1986\", \"2002-2003\"]":[0.3333333333333333,0.3333333333333333,0.3333333333333333],"[\"2002-2003\", \"1982-1983\", \"2010-2011\"]":[0.272368919164183,0.5632955006192149,0.16068222177410701],"[\"2002-2003\", \"1981-1982\", \"1983-1984\"]":[0.02060285090387728,0.8214087967486705,0.12045099428390199],"[\"2002-2003\", \"1981-1982\", \"1984-1985\"]":[0.06623147469971531,0.5563421014235646,0.36827249605997053],"[\"2010-2011\", \"1981-1982\", \"1982-1983\"]":[0.3333333333333333,0.3333333333333333,0.3333333333333333],"[\"2002-2003\", \"1980-1981\", \"1985-1986\"]":[0.14946493048634724,0.5033943029790258,0.34706773461398455],"[\"2010-2011\", \"1981-1982\", \"1984-1985\"]":[0.28756016861864253,0.42704632258985237,0.2911114140773646],"[\"2002-2003\", \"1981-1982\", \"2010-2011\"]":[0.025,0.975,0.0],"[\"2002-2003\", \"1983-1984\", \"2010-2011\"]":[0.20881638335171981,0.4315747060985445,0.27137116015474105],"[\"2010-2011\", \"1980-1981\", \"2002-2003\"]":[0.5868740679614897,0.37396134391675917,0.007101718546422657],"[\"2010-2011\", \"1980-1981\", \"1982-1983\"]":[0.3333333333333333,0.3333333333333333,0.3333333333333333],"[\"2002-2003\", \"1985-1986\", \"2010-2011\"]":[0.19029053110553115,0.4346747823244458,0.3746020386098458],"[\"2002-2003\", \"1982-1983\", \"1985-1986\"]":[0.14257947038090368,0.618503317886754,0.28421776561946166],"[\"2002-2003\", \"1980-1981\", \"1983-1984\"]":[0.14188607168996206,0.3213214226890992,0.5010103352394735],"[\"2010-2011\", \"1982-1983\", \"2002-2003\"]":[0.2874022326740586,0.5245384616650477,0.23627759879806257],"[\"2002-2003\", \"1981-1982\", \"1982-1983\"]":[0.11827055770259012,0.3096057770005059,0.5507718686731512],"[\"2002-2003\", \"1980-1981\", \"1982-1983\"]":[0.2673401544185929,0.3303801281021087,0.4031109926844988],"[\"2002-2003\", \"1983-1984\", \"1985-1986\"]":[0.14643287156232196,0.4602671318972304,0.29697927090061055],"[\"2010-2011\", \"1982-1983\", \"1985-1986\"]":[0.42783310121900103,0.5409243477148248,0.049420780007103524],"[\"2010-2011\", \"1984-1985\", \"2002-2003\"]":[0.5045008732707115,0.4754663864432849,0.025],"[\"2002-2003\", \"1980-1981\", \"1984-1985\"]":[0.23767144433225917,0.6377341944693291,0.10500480187531737],"[\"2002-2003\", \"1981-1982\", \"1985-1986\"]":[0.025,0.975,0.0],"[\"2010-2011\", \"1980-1981\", \"1981-1982\"]":[0.20117964898778615,0.2830134339449584,0.4869807418116267],"[\"2010-2011\", \"1982-1983\", \"1983-1984\"]":[0.3333333333333333,0.3333333333333333,0.3333333333333333],"[\"2010-2011\", \"1983-1984\", \"2002-2003\"]":[0.3332867315000758,0.5951752298001189,0.05623860652743101],"[\"2010-2011\", \"1980-1981\", \"1984-1985\"]":[0.35654228107973984,0.5803494013823762,0.06315520111850331],"[\"2010-2011\", \"1981-1982\", \"1983-1984\"]":[0.20274199205404997,0.615848319188844,0.17992884290237257],"[\"2002-2003\", \"1980-1981\", \"1981-1982\"]":[0.3333333333333333,0.3333333333333333,0.3333333333333333],"[\"2010-2011\", \"1982-1983\", \"1984-1985\"]":[0.48531633963730597,0.34522314862924897,0.14465793092671198],"[\"2002-2003\", \"1984-1985\", \"1985-1986\"]":[0.09151865978273502,0.38925422519164943,0.4369578939369004],"[\"2002-2003\", \"1984-1985\", \"2010-2011\"]":[0.11165077841039976,0.2351855158148622,0.6558903086270927],"[\"2002-2003\", \"1983-1984\", \"1984-1985\"]":[0.027374833687190844,0.9102394372456977,0.0727272677371733],"[\"2002-2003\", \"1980-1981\", \"2010-2011\"]":[0.10307549398559082,0.5883944274500058,0.22188488035605494],"[\"2002-2003\", \"1982-1983\", \"1983-1984\"]":[0.10669365247954259,0.5347903033500017,0.32763691719867843],"[\"2002-2003\", \"1982-1983\", \"1984-1985\"]":[0.21393703353295487,0.7398565314357083,0.05837486388284543]},