{"combinations":[["2002-2003","2015-2016"],["2010-2011","2015-2016"],["2010-2011","2013-2014"],["2010-2011","1982-1983"],["2010-2011","1986-1987"],["2010-2011","2007-2008"],["2010-2011","1991-1992"],["2010-2011","1988-1989"],["2010-2011","1980-1981"],["2010-2011","2011-2012"],["2010-2011","2016-2017"],["2010-2011","1997-1998"],["2010-2011","2014-2015"],["2002-2003","1992-1993"],["2010-2011","1999-2000"],["2002-2003","2011-2012"],["2010-2011","2003-2004"],["2010-2011","2017-2018"],["2002-2003","1998-1999"],["2002-2003","2007-2008"],["2002-2003","1986-1987"],["2010-2011","1998-1999"],["2010-2011","1994-1995"],["2010-2011","1992-1993"],["2002-2003","1997-1998"],["2002-2003","2018-2019"],["2002-2003","2001-2002"],["2002-2003","2014-2015"],["2010-2011","2006-2007"],["2002-2003","1980-1981"],["2010-2011","2018-2019"],["2010-2011","1987-1988"],["2002-2003","2017-2018"],["2002-2003","1988-1989"],["2002-2003","1989-1990"],["2002-2003","1983-1984"],["2002-2003","2013-2014"],["2010-2011","2001-2002"],["2002-2003","2003-2004"],["2002-2003","2016-2017"],["2010-2011","1983-1984"],["2002-2003","2006-2007"],["2002-2003","1982-1983"],["2002-2003","1994-1995"],["2010-2011","1989-1990"],["2002-2003","1990-1991"],["2002-2003","1987-1988"],["2010-2011","2012-2013"],["2010-2011","1993-1994"],["2002-2003","1981-1982"],["2010-2011","1984-1985"],["2010-2011","1990-1991"],["2002-2003","1985-1986"],["2002-2003","2012-2013"],["2010-2011","1996-1997"],["2002-2003","2000-2001"],["2002-2003","1993-1994"],["2002-2003","2008-2009"],["2002-2003","1991-1992"],["2010-2011","1995-1996"],["2010-2011","2008-2009"],["2010-2011","2000-2001"],["2002-2003","2010-2011"],["2010-2011","2005-2006"],["2010-2011","1981-1982"],["2010-2011","1985-1986"],["2002-2003","2005-2006"],["2010-2011","2009-2010"],["2002-2003","1984-1985"],["2010-2011","2002-2003"],["2002-2003","1996-1997"],["2002-2003","2009-2010"],["2002-2003","1995-1996"],["2010-2011","2004-2005"],["2002-2003","2004-2005"],["2002-2003","1999-2000"]],"sum_func":"sqrt_sum","opt_func":"sqrt_sum(x) + (sigmoid((sum(x)-1.011)*1000) + sigmoid((0.989-sum(x))*1000))*100000","best_weights":{"[\"2002-2003\", \"2014-2015\"]":[0.3333333333333333,0.6666666666666666],"[\"2002-2003\", \"2007-2008\"]":[0.05,0.95],"[\"2010-2011\", \"2005-2006\"]":[0.6666666666666666,0.3333333333333333],"[\"2010-2011\", \"1985-1986\"]":[0.7048467727772222,0.30066908935981884],"[\"2002-2003\", \"1991-1992\"]":[0.5,0.5],"[\"2010-2011\", \"2001-2002\"]":[0.05,0.95],"[\"2002-2003\", \"2001-2002\"]":[0.055419837152987726,0.9434711367722473],"[\"2010-2011\", \"1988-1989\"]":[0.5,0.5],"[\"2010-2011\", \"2014-2015\"]":[0.05,0.95],"[\"2002-2003\", \"1988-1989\"]":[0.3333333333333333,0.6666666666666666],"[\"2010-2011\", \"1986-1987\"]":[0.3333333333333333,0.6666666666666666],"[\"2010-2011\", \"2012-2013\"]":[0.3333333333333333,0.6666666666666666],"[\"2010-2011\", \"2009-2010\"]":[0.95,0.05],"[\"2010-2011\", \"2013-2014\"]":[0.5,0.5],"[\"2010-2011\", \"2015-2016\"]":[0.3333333333333333,0.6666666666666666],"[\"2010-2011\", \"1990-1991\"]":[0.6666666666666666,0.3333333333333333],"[\"2002-2003\", \"1981-1982\"]":[0.3333333333333333,0.6666666666666666],"[\"2002-2003\", \"2008-2009\"]":[0.05,0.95],"[\"2002-2003\", \"1994-1995\"]":[0.3333333333333333,0.6666666666666666],"[\"2002-2003\", \"2006-2007\"]":[0.05,0.95],"[\"2002-2003\", \"2017-2018\"]":[0.024906993801991045,0.9735351112013728],"[\"2010-2011\", \"2011-2012\"]":[0.3333333333333333,0.6666666666666666],"[\"2002-2003\", \"2009-2010\"]":[0.015677875692496675,0.9881665818889634],"[\"2002-2003\", \"2005-2006\"]":[0.05,0.95],"[\"2002-2003\", \"2016-2017\"]":[0.3333333333333333,0.6666666666666666],"[\"2010-2011\", \"2017-2018\"]":[0.3333333333333333,0.6666666666666666],"[\"2002-2003\", \"1980-1981\"]":[0.05,0.95],"[\"2010-2011\", \"1989-1990\"]":[0.05,0.95],"[\"2002-2003\", \"1998-1999\"]":[0.05,0.95],"[\"2010-2011\", \"2003-2004\"]":[0.2918173307962893,0.7159225658403627],"[\"2010-2011\", \"1993-1994\"]":[0.6753935997336232,0.3313295274514376],"[\"2010-2011\", \"1981-1982\"]":[0.95,0.05],"[\"2002-2003\", \"1993-1994\"]":[0.36915613484015125,0.6378385402803483],"[\"2010-2011\", \"1996-1997\"]":[0.5,0.5],"[\"2010-2011\", \"2007-2008\"]":[0.40131257253223396,0.5936856902423772],"[\"2002-2003\", \"1985-1986\"]":[0.05,0.95],"[\"2002-2003\", \"1986-1987\"]":[0.3333333333333333,0.6666666666666666],"[\"2002-2003\", \"1989-1990\"]":[0.05,0.95],"[\"2010-2011\", \"2006-2007\"]":[0.3012945375556813,0.6938056937736533],"[\"2010-2011\", \"1987-1988\"]":[0.576903631334668,0.42797518653421435],"[\"2010-2011\", \"1994-1995\"]":[0.5,0.5],"[\"2002-2003\", \"2000-2001\"]":[0.05,0.95],"[\"2002-2003\", \"1992-1993\"]":[0.3333333333333333,0.6666666666666666],"[\"2002-2003\", \"1990-1991\"]":[0.05,0.95],"[\"2002-2003\", \"1999-2000\"]":[0.37396746950799353,0.6724175353896206],"[\"2010-2011\", \"2008-2009\"]":[0.3333333333333333,0.6666666666666666],"[\"2002-2003\", \"1995-1996\"]":[0.5,0.5],"[\"2002-2003\", \"1987-1988\"]":[0.3333333333333333,0.6666666666666666],"[\"2010-2011\", \"2004-2005\"]":[0.9374921273462161,0.05057950410819363],"[\"2002-2003\", \"1983-1984\"]":[0.05,0.95],"[\"2002-2003\", \"1982-1983\"]":[0.5,0.5],"[\"2002-2003\", \"2012-2013\"]":[0.05,0.95],"[\"2002-2003\", \"1996-1997\"]":[0.4147584923383951,0.5880522006684008],"[\"2010-2011\", \"1998-1999\"]":[0.5,0.5],"[\"2002-2003\", \"2018-2019\"]":[0.11851994869188764,0.8800716058732716],"[\"2010-2011\", \"1999-2000\"]":[0.3333333333333333,0.6666666666666666],"[\"2010-2011\", \"2002-2003\"]":[0.9005683693591655,0.09076722961110419],"[\"2002-2003\", \"2013-2014\"]":[0.5,0.5],"[\"2010-2011\", \"1992-1993\"]":[0.5376629131435241,0.454698236714454],"[\"2010-2011\", \"1991-1992\"]":[0.3333333333333333,0.6666666666666666],"[\"2002-2003\", \"2015-2016\"]":[0.05,0.95],"[\"2010-2011\", \"1984-1985\"]":[0.6666666666666666,0.3333333333333333],"[\"2002-2003\", \"2011-2012\"]":[0.16929798672750096,0.834023111822648],"[\"2010-2011\", \"1982-1983\"]":[0.3333333333333333,0.6666666666666666],"[\"2010-2011\", \"1980-1981\"]":[0.5,0.5],"[\"2002-2003\", \"2004-2005\"]":[0.15841766906406035,0.8884856754464694],"[\"2010-2011\", \"1997-1998\"]":[0.3333333333333333,0.6666666666666666],"[\"2010-2011\", \"2000-2001\"]":[0.8180463404288011,0.1850444310756737],"[\"2002-2003\", \"1997-1998\"]":[0.05,0.95],"[\"2002-2003\", \"1984-1985\"]":[0.05,0.95],"[\"2010-2011\", \"1995-1996\"]":[0.95,0.05],"[\"2010-2011\", \"1983-1984\"]":[0.16460932760137734,0.836821143952905],"[\"2010-2011\", \"2016-2017\"]":[0.3333333333333333,0.6666666666666666],"[\"2002-2003\", \"2010-2011\"]":[0.05,0.95],"[\"2002-2003\", \"2003-2004\"]":[0.3333333333333333,0.6666666666666666],"[\"2010-2011\", \"2018-2019\"]":[0.3333333333333333,0.6666666666666666]},