{"combinations":[["2010-2011","1981-1982","1982-1983"],["2010-2011","1980-1981","1982-1983"],["2010-2011","1980-1981","1981-1982"],["2010-2011","1982-1983","2002-2003"],["2010-2011","1980-1981","1983-1984"],["2010-2011","1981-1982","1983-1984"],["2002-2003","1980-1981","1982-1983"],["2010-2011","1982-1983","1983-1984"],["2002-2003","1982-1983","1983-1984"],["2002-2003","1980-1981","1981-1982"],["2002-2003","1983-1984","2010-2011"],["2002-2003","1981-1982","1982-1983"],["2002-2003","1981-1982","1983-1984"],["2002-2003","1981-1982","2010-2011"],["2010-2011","1981-1982","2002-2003"],["2010-2011","1980-1981","2002-2003"],["2002-2003","1980-1981","1983-1984"],["2002-2003","1980-1981","2010-2011"],["2010-2011","1983-1984","2002-2003"],["2002-2003","1982-1983","2010-2011"]],"5":5,"sum_func":"sqrt_sum","opt_func":"sqrt_sum(x) + (sigmoid((sum(x)-1.011)*1000) + sigmoid((0.989-sum(x))*1000))*100000","best_weights":{"[\"2002-2003\", \"1982-1983\", \"2010-2011\"]":[0.025,0.0,0.975],"[\"2002-2003\", \"1981-1982\", \"2010-2011\"]":[0.025,0.975,0.0],"[\"2002-2003\", \"1983-1984\", \"2010-2011\"]":[0.06816654569392872,0.4962238300979056,0.43128254097635305],"[\"2010-2011\", \"1980-1981\", \"1983-1984\"]":[0.3333333333333333,0.3333333333333333,0.3333333333333333],"[\"2010-2011\", \"1981-1982\", \"2002-2003\"]":[0.025,0.975,0.0],"[\"2002-2003\", \"1981-1982\", \"1983-1984\"]":[0.025,0.975,0.0],"[\"2010-2011\", \"1981-1982\", \"1982-1983\"]":[0.3333333333333333,0.3333333333333333,0.3333333333333333],"[\"2010-2011\", \"1980-1981\", \"2002-2003\"]":[0.3333333333333333,0.3333333333333333,0.3333333333333333],"[\"2010-2011\", \"1980-1981\", \"1982-1983\"]":[0.3153022203102603,0.3132585013310752,0.3700428828350685],"[\"2002-2003\", \"1980-1981\", \"1983-1984\"]":[0.025,0.975,0.0],"[\"2010-2011\", \"1982-1983\", \"2002-2003\"]":[0.17892104911733228,0.6581055309343353,0.1574458349166886],"[\"2002-2003\", \"1981-1982\", \"1982-1983\"]":[0.025,0.975,0.0],"[\"2002-2003\", \"1980-1981\", \"1982-1983\"]":[0.1480739874831248,0.6672696140926876,0.18519411190959104],"[\"2010-2011\", \"1980-1981\", \"1981-1982\"]":[0.3333333333333333,0.3333333333333333,0.3333333333333333],"[\"2010-2011\", \"1982-1983\", \"1983-1984\"]":[0.10217318249991401,0.305152949160427,0.5906765068630082],"[\"2010-2011\", \"1981-1982\", \"1983-1984\"]":[0.3333333333333333,0.3333333333333333,0.3333333333333333],"[\"2010-2011\", \"1983-1984\", \"2002-2003\"]":[0.0,0.975,0.025],"[\"2002-2003\", \"1980-1981\", \"1981-1982\"]":[0.3333333333333333,0.3333333333333333,0.3333333333333333],"[\"2002-2003\", \"1980-1981\", \"2010-2011\"]":[0.025,0.975,0.0],"[\"2002-2003\", \"1982-1983\", \"1983-1984\"]":[0.3333333333333333,0.3333333333333333,0.3333333333333333]},"best_errors":{"[\"2002-2003\", \"1982-1983\", \"2010-2011\"]":79349.80274955792,"[\"2002-2003\", \"1981-1982\", \"2010-2011\"]":66458.54088025232,"[\"2002-2003\", \"1983-1984\", \"2010-2011\"]":66338.18124472816,"[\"2010-2011\", \"1980-1981\", \"1983-1984\"]":58196.18252722447,"[\"2010-2011\", \"1981-1982\", \"2002-2003\"]":67630.9438556873,"[\"2002-2003\", \"1981-1982\", \"1983-1984\"]":66458.54088025232,"[\"2010-2011\", \"1981-1982\", \"1982-1983\"]":50928.15039190554,"[\"2010-2011\", \"1980-1981\", \"2002-2003\"]":69093.29796837724,"[\"2010-2011\", \"1980-1981\", \"1982-1983\"]":53618.436324968396,"[\"2002-2003\", \"1980-1981\", \"1983-1984\"]":69145.53826179124,"[\"2010-2011\", \"1982-1983\", \"2002-2003\"]":56511.32576378097,"[\"2002-2003\", \"1981-1982\", \"1982-1983\"]":66458.54088025232,"[\"2002-2003\", \"1980-1981\", \"1982-1983\"]":60705.9346381499,"[\"2010-2011\", \"1980-1981\", \"1981-1982\"]":55980.84469024585,"[\"2010-2011\", \"1982-1983\", \"1983-1984\"]":62433.989289678204,"[\"2010-2011\", \"1981-1982\", \"1983-1984\"]":60594.43462231239,"[\"2010-2011\", \"1983-1984\", \"2002-2003\"]":71847.2429329084,"[\"2002-2003\", \"1980-1981\", \"1981-1982\"]":65639.70706963865,"[\"2002-2003\", \"1980-1981\", \"2010-2011\"]":69145.53826179124,"[\"2002-2003\", \"1982-1983\", \"1983-1984\"]":65212.44967226545},"best_alg":{"[\"2002-2003\", \"1982-1983\", \"2010-2011\"]":"pso","[\"2002-2003\", \"1981-1982\", \"2010-2011\"]":"probabilistic_descent","[\"2002-2003\", \"1983-1984\", \"2010-2011\"]":"pso","[\"2010-2011\", \"1980-1981\", \"1983-1984\"]":"probabilistic_descent","[\"2010-2011\", \"1981-1982\", \"2002-2003\"]":"pso","[\"2002-2003\", \"1981-1982\", \"1983-1984\"]":"probabilistic_descent","[\"2010-2011\", \"1981-1982\", \"1982-1983\"]":"pso","[\"2010-2011\", \"1980-1981\", \"2002-2003\"]":"pso","[\"2010-2011\", \"1980-1981\", \"1982-1983\"]":"probabilistic_descent","[\"2002-2003\", \"1980-1981\", \"1983-1984\"]":"probabilistic_descent","[\"2010-2011\", \"1982-1983\", \"2002-2003\"]":"pso","[\"2002-2003\", \"1981-1982\", \"1982-1983\"]":"probabilistic_descent","[\"2002-2003\", \"1980-1981\", \"1982-1983\"]":"pso","[\"2010-2011\", \"1980-1981\", \"1981-1982\"]":"pso","[\"2010-2011\", \"1982-1983\", \"1983-1984\"]":"probabilistic_descent","[\"2010-2011\", \"1981-1982\", \"1983-1984\"]":"pso","[\"2010-2011\", \"1983-1984\", \"2002-2003\"]":"pso","[\"2002-2003\", \"1980-1981\", \"1981-1982\"]":"probabilistic_descent","[\"2002-2003\", \"1980-1981\", \"2010-2011\"]":"pso","[\"2002-2003\", \"1982-1983\", \"1983-1984\"]":"pso"}}