{"combinations":[["2010-2011","1981-1982","1982-1983"],["2010-2011","1982-1983","2002-2003"],["2002-2003","1980-1981","1982-1983"],["2002-2003","1981-1982","1982-1983"],["2002-2003","1982-1983","1983-1984"],["2010-2011","1980-1981","1982-1983"],["2010-2011","1982-1983","1984-1985"],["2002-2003","1982-1983","1984-1985"],["2010-2011","1982-1983","1985-1986"],["2002-2003","1982-1983","2010-2011"],["2010-2011","1982-1983","1983-1984"],["2002-2003","1980-1981","1983-1984"],["2002-2003","1980-1981","1984-1985"],["2002-2003","1980-1981","2010-2011"],["2010-2011","1981-1982","1983-1984"],["2010-2011","1980-1981","1981-1982"],["2010-2011","1980-1981","1983-1984"],["2010-2011","1980-1981","1984-1985"],["2010-2011","1980-1981","1985-1986"],["2002-2003","1980-1981","1981-1982"],["2002-2003","1980-1981","1985-1986"],["2010-2011","1981-1982","1985-1986"],["2010-2011","1983-1984","2002-2003"],["2002-2003","1981-1982","1983-1984"],["2002-2003","1983-1984","1984-1985"],["2002-2003","1983-1984","2010-2011"],["2002-2003","1981-1982","1985-1986"],["2002-2003","1981-1982","1984-1985"],["2010-2011","1983-1984","1985-1986"],["2010-2011","1983-1984","1984-1985"],["2002-2003","1983-1984","1985-1986"],["2010-2011","1981-1982","1984-1985"],["2010-2011","1981-1982","2002-2003"],["2002-2003","1981-1982","2010-2011"],["2002-2003","1985-1986","2010-2011"],["2010-2011","1984-1985","1985-1986"],["2010-2011","1985-1986","2002-2003"],["2002-2003","1982-1983","1985-1986"],["2002-2003","1984-1985","1985-1986"],["2010-2011","1980-1981","2002-2003"],["2010-2011","1984-1985","2002-2003"],["2002-2003","1984-1985","2010-2011"]],"5":5,"opt_func":"sqrt_sum(x) + (sigmoid((sum(x)-1.011)*1000) + sigmoid((0.989-sum(x))*1000))*100000","best_weights":{"[\"2010-2011\", \"1981-1982\", \"2002-2003\"]":[0.0,1.0,0.0],"[\"2002-2003\", \"1981-1982\", \"1983-1984\"]":[0.025,0.0,0.975],"[\"2010-2011\", \"1984-1985\", \"1985-1986\"]":[0.025,0.0,0.975],"[\"2010-2011\", \"1980-1981\", \"1983-1984\"]":[0.3333333333333333,0.3333333333333333,0.3333333333333333],"[\"2010-2011\", \"1985-1986\", \"2002-2003\"]":[0.025,0.975,0.0],"[\"2010-2011\", \"1980-1981\", \"1985-1986\"]":[0.025,0.975,0.0],"[\"2002-2003\", \"1983-1984\", \"2010-2011\"]":[0.025,0.975,0.0],"[\"2010-2011\", \"1983-1984\", \"1985-1986\"]":[0.3333333333333333,0.3333333333333333,0.3333333333333333],"[\"2002-2003\", \"1981-1982\", \"2010-2011\"]":[0.0,1.0,0.0],"[\"2002-2003\", \"1982-1983\", \"2010-2011\"]":[0.0,1.0,0.0],"[\"2002-2003\", \"1981-1982\", \"1984-1985\"]":[0.025,0.975,0.0],"[\"2002-2003\", \"1980-1981\", \"1985-1986\"]":[0.0,1.0,0.0],"[\"2010-2011\", \"1981-1982\", \"1985-1986\"]":[0.3333333333333333,0.3333333333333333,0.3333333333333333],"[\"2010-2011\", \"1981-1982\", \"1984-1985\"]":[0.0,1.0,0.0],"[\"2010-2011\", \"1981-1982\", \"1982-1983\"]":[0.3842593833602237,0.13700207901837003,0.48129620318206],"[\"2010-2011\", \"1983-1984\", \"1984-1985\"]":[0.025,0.975,0.0],"[\"2010-2011\", \"1980-1981\", \"2002-2003\"]":[0.975,0.0,0.025],"[\"2010-2011\", \"1980-1981\", \"1982-1983\"]":[0.3333333333333333,0.3333333333333333,0.3333333333333333],"[\"2002-2003\", \"1985-1986\", \"2010-2011\"]":[0.025,0.975,0.0],"[\"2002-2003\", \"1982-1983\", \"1985-1986\"]":[0.0,0.025,0.975],"[\"2002-2003\", \"1980-1981\", \"1983-1984\"]":[0.025,0.975,0.0],"[\"2010-2011\", \"1982-1983\", \"2002-2003\"]":[0.0,0.975,0.025],"[\"2002-2003\", \"1981-1982\", \"1982-1983\"]":[0.025,0.0,0.975],"[\"2002-2003\", \"1983-1984\", \"1985-1986\"]":[0.09464353043285006,0.0484094359306615,0.8631723149364817],"[\"2002-2003\", \"1980-1981\", \"1982-1983\"]":[0.025,0.0,0.975],"[\"2010-2011\", \"1982-1983\", \"1985-1986\"]":[0.025,0.975,0.0],"[\"2010-2011\", \"1984-1985\", \"2002-2003\"]":[0.975,0.025,0.0],"[\"2002-2003\", \"1980-1981\", \"1984-1985\"]":[0.025,0.975,0.0],"[\"2002-2003\", \"1981-1982\", \"1985-1986\"]":[0.15138133400350123,0.42554421238323914,0.4195876564636642],"[\"2010-2011\", \"1980-1981\", \"1981-1982\"]":[0.3904680693638067,0.5156409899505623,0.08812297379992991],"[\"2010-2011\", \"1982-1983\", \"1983-1984\"]":[0.0,0.975,0.025],"[\"2010-2011\", \"1981-1982\", \"1983-1984\"]":[0.3333333333333333,0.3333333333333333,0.3333333333333333],"[\"2010-2011\", \"1983-1984\", \"2002-2003\"]":[0.0,0.975,0.025],"[\"2010-2011\", \"1980-1981\", \"1984-1985\"]":[0.025,0.975,0.0],"[\"2002-2003\", \"1984-1985\", \"1985-1986\"]":[0.0,0.0,1.0],"[\"2010-2011\", \"1982-1983\", \"1984-1985\"]":[0.0,0.975,0.025],"[\"2002-2003\", \"1980-1981\", \"1981-1982\"]":[0.0,0.975,0.025],"[\"2002-2003\", \"1984-1985\", \"2010-2011\"]":[0.0,0.025,0.975],"[\"2002-2003\", \"1980-1981\", \"2010-2011\"]":[0.025,0.975,0.0],"[\"2002-2003\", \"1982-1983\", \"1983-1984\"]":[0.025,0.975,0.0],"[\"2002-2003\", \"1983-1984\", \"1984-1985\"]":[0.025,0.975,0.0],"[\"2002-2003\", \"1982-1983\", \"1984-1985\"]":[0.0,0.975,0.025]},"best_errors":{"[\"2010-2011\", \"1981-1982\", \"2002-2003\"]":122490.4621041877,"[\"2002-2003\", \"1981-1982\", \"1983-1984\"]":119569.7627637062,"[\"2010-2011\", \"1984-1985\", \"1985-1986\"]":124342.53263423716,"[\"2010-2011\", \"1980-1981\", \"1983-1984\"]":117157.25413484486,"[\"2010-2011\", \"1985-1986\", \"2002-2003\"]":124342.53263423716,"[\"2010-2011\", \"1980-1981\", \"1985-1986\"]":117224.36216506775,"[\"2002-2003\", \"1983-1984\", \"2010-2011\"]":119569.7627637062,"[\"2010-2011\", \"1983-1984\", \"1985-1986\"]":120888.05402936376,"[\"2002-2003\", \"1981-1982\", \"2010-2011\"]":122490.4621041877,"[\"2002-2003\", \"1982-1983\", \"2010-2011\"]":114173.4318362208,"[\"2002-2003\", \"1981-1982\", \"1984-1985\"]":120504.71902417741,"[\"2002-2003\", \"1980-1981\", \"1985-1986\"]":118454.54486938281,"[\"2010-2011\", \"1981-1982\", \"1985-1986\"]":119193.42886727105,"[\"2010-2011\", \"1981-1982\", \"1984-1985\"]":122490.4621041877,"[\"2010-2011\", \"1981-1982\", \"1982-1983\"]":110927.8843628033,"[\"2010-2011\", \"1983-1984\", \"1984-1985\"]":121214.21508552028,"[\"2010-2011\", \"1980-1981\", \"2002-2003\"]":125903.21589586564,"[\"2010-2011\", \"1980-1981\", \"1982-1983\"]":112051.978728941,"[\"2002-2003\", \"1985-1986\", \"2010-2011\"]":122882.64567552392,"[\"2002-2003\", \"1982-1983\", \"1985-1986\"]":124797.6060669889,"[\"2002-2003\", \"1980-1981\", \"1983-1984\"]":115758.92494765727,"[\"2010-2011\", \"1982-1983\", \"2002-2003\"]":111455.55013188651,"[\"2002-2003\", \"1981-1982\", \"1982-1983\"]":111455.55013188651,"[\"2002-2003\", \"1983-1984\", \"1985-1986\"]":121934.1833390518,"[\"2002-2003\", \"1980-1981\", \"1982-1983\"]":111455.55013188651,"[\"2010-2011\", \"1982-1983\", \"1985-1986\"]":113083.71641496524,"[\"2010-2011\", \"1984-1985\", \"2002-2003\"]":127210.64041949726,"[\"2002-2003\", \"1980-1981\", \"1984-1985\"]":115758.92494765727,"[\"2002-2003\", \"1981-1982\", \"1985-1986\"]":119951.97162894701,"[\"2010-2011\", \"1980-1981\", \"1981-1982\"]":116707.36971783893,"[\"2002-2003\", \"1984-1985\", \"1985-1986\"]":125237.41632352039,"[\"2010-2011\", \"1981-1982\", \"1983-1984\"]":116331.78561326029,"[\"2010-2011\", \"1983-1984\", \"2002-2003\"]":119569.7627637062,"[\"2010-2011\", \"1982-1983\", \"1983-1984\"]":114188.49460711973,"[\"2010-2011\", \"1980-1981\", \"1984-1985\"]":117224.36216506775,"[\"2010-2011\", \"1982-1983\", \"1984-1985\"]":112868.20839482048,"[\"2002-2003\", \"1980-1981\", \"1981-1982\"]":117759.45934410059,"[\"2002-2003\", \"1984-1985\", \"2010-2011\"]":127210.64041949726,"[\"2002-2003\", \"1980-1981\", \"2010-2011\"]":115758.92494765727,"[\"2002-2003\", \"1982-1983\", \"1983-1984\"]":111455.55013188651,"[\"2002-2003\", \"1983-1984\", \"1984-1985\"]":119569.7627637062,"[\"2002-2003\", \"1982-1983\", \"1984-1985\"]":112868.20839482048},