{"combinations":[["2002-2003","1981-1982","1982-1983"],["2002-2003","1980-1981","1982-1983"],["2002-2003","1982-1983","1985-1986"],["2010-2011","1982-1983","2002-2003"],["2010-2011","1981-1982","1982-1983"],["2010-2011","1982-1983","1984-1985"],["2002-2003","1982-1983","2010-2011"],["2002-2003","1982-1983","1983-1984"],["2002-2003","1982-1983","1984-1985"],["2010-2011","1980-1981","1982-1983"],["2002-2003","1980-1981","1984-1985"],["2002-2003","1980-1981","1985-1986"],["2010-2011","1982-1983","1983-1984"],["2010-2011","1982-1983","1985-1986"],["2002-2003","1980-1981","1981-1982"],["2002-2003","1980-1981","1983-1984"],["2002-2003","1980-1981","2010-2011"],["2010-2011","1980-1981","1981-1982"],["2010-2011","1980-1981","2002-2003"],["2010-2011","1980-1981","1985-1986"],["2010-2011","1980-1981","1984-1985"],["2002-2003","1981-1982","1983-1984"],["2010-2011","1981-1982","1983-1984"],["2002-2003","1983-1984","1984-1985"],["2010-2011","1980-1981","1983-1984"],["2002-2003","1983-1984","2010-2011"],["2010-2011","1983-1984","1984-1985"],["2010-2011","1983-1984","2002-2003"],["2002-2003","1981-1982","1985-1986"],["2002-2003","1983-1984","1985-1986"],["2010-2011","1981-1982","2002-2003"],["2002-2003","1981-1982","2010-2011"],["2010-2011","1981-1982","1985-1986"],["2010-2011","1983-1984","1985-1986"],["2002-2003","1984-1985","1985-1986"],["2002-2003","1981-1982","1984-1985"],["2010-2011","1984-1985","1985-1986"],["2010-2011","1985-1986","2002-2003"],["2002-2003","1985-1986","2010-2011"],["2010-2011","1981-1982","1984-1985"],["2010-2011","1984-1985","2002-2003"],["2002-2003","1984-1985","2010-2011"]],"opt_func":"sqrt_sum(x) + (sigmoid((sum(x)-1.011)*1000) + sigmoid((0.989-sum(x))*1000))*100000","best_weights":{"[\"2010-2011\", \"1981-1982\", \"2002-2003\"]":[0.1885675236093961,0.7641546580976979,0.04626612147195755],"[\"2002-2003\", \"1981-1982\", \"1983-1984\"]":[0.09325836827166699,0.23213939303243622,0.6776450945889304],"[\"2010-2011\", \"1983-1984\", \"1984-1985\"]":[0.2125688539689814,0.6361039116489596,0.15362936033530705],"[\"2010-2011\", \"1981-1982\", \"1985-1986\"]":[0.28499341659961785,0.3995058116416781,0.3128122568516912],"[\"2002-2003\", \"1981-1982\", \"2010-2011\"]":[0.06914068825427495,0.7294470586936441,0.1982733211477819],"[\"2010-2011\", \"1980-1981\", \"1983-1984\"]":[0.17020018502303425,0.6535969468581396,0.17987750220532173],"[\"2010-2011\", \"1980-1981\", \"1985-1986\"]":[0.09687963046577985,0.6759151377536339,0.2254457634272375],"[\"2010-2011\", \"1983-1984\", \"1985-1986\"]":[0.0793538158138935,0.5669966294331761,0.3501638596006179],"[\"2002-2003\", \"1983-1984\", \"2010-2011\"]":[0.05074682235099241,0.8534725644478072,0.09978068827466997],"[\"2002-2003\", \"1981-1982\", \"1984-1985\"]":[0.12269718587476866,0.848230015551889,0.027442611304594723],"[\"2002-2003\", \"1982-1983\", \"2010-2011\"]":[0.09447580045588946,0.8413014329788658,0.06927494205854105],"[\"2002-2003\", \"1980-1981\", \"1985-1986\"]":[0.06731306047599292,0.5931675244112002,0.3340813936304862],"[\"2010-2011\", \"1981-1982\", \"1982-1983\"]":[0.2409934287353742,0.13356606523116868,0.6294813454211368],"[\"2010-2011\", \"1981-1982\", \"1984-1985\"]":[0.6345923103200182,0.3204573489479038,0.04292708610841491],"[\"2010-2011\", \"1985-1986\", \"2002-2003\"]":[0.21360534515020652,0.7270146320997559,0.0627091931490211],"[\"2010-2011\", \"1984-1985\", \"1985-1986\"]":[0.1200104781237263,0.08167846091502026,0.7992447794196373],"[\"2010-2011\", \"1980-1981\", \"2002-2003\"]":[0.13306174341298715,0.7616807212084583,0.09961766403894383],"[\"2010-2011\", \"1980-1981\", \"1982-1983\"]":[0.2541314539261357,0.15041925093061037,0.5936743929812922],"[\"2002-2003\", \"1985-1986\", \"2010-2011\"]":[0.10124061392144501,0.8564597360420899,0.03958061449093975],"[\"2002-2003\", \"1982-1983\", \"1985-1986\"]":[0.05293025229547856,0.7946200486642588,0.15223883326327264],"[\"2002-2003\", \"1980-1981\", \"1983-1984\"]":[0.12205135362110785,0.5350729139340723,0.3476676810339342],"[\"2010-2011\", \"1982-1983\", \"2002-2003\"]":[0.13357210505097172,0.8264078516693634,0.042375218613982184],"[\"2002-2003\", \"1981-1982\", \"1982-1983\"]":[0.07447714525250371,0.46956258897437286,0.4526023188837783],"[\"2002-2003\", \"1983-1984\", \"1985-1986\"]":[0.050017197539725555,0.4663603341291676,0.4769165603005357],"[\"2002-2003\", \"1980-1981\", \"1982-1983\"]":[0.12616890933348254,0.22857147429380514,0.6409445057814427],"[\"2010-2011\", \"1982-1983\", \"1985-1986\"]":[0.05122006408453403,0.6163912392541717,0.33004596036983425],"[\"2010-2011\", \"1984-1985\", \"2002-2003\"]":[0.9400817636153036,0.0,0.05882202196093511],"[\"2002-2003\", \"1980-1981\", \"1984-1985\"]":[0.03882094856479082,0.8122622961310938,0.14616283558681573],"[\"2002-2003\", \"1981-1982\", \"1985-1986\"]":[0.0750277541285689,0.3454576372518575,0.5737751461117911],"[\"2002-2003\", \"1980-1981\", \"1981-1982\"]":[0.051098759728148764,0.9214287430576388,0.027123347372602614],"[\"2010-2011\", \"1982-1983\", \"1983-1984\"]":[0.09612717200668792,0.8992393957134593,0.002831771163279064],"[\"2010-2011\", \"1981-1982\", \"1983-1984\"]":[0.13878887843060894,0.3689751112374238,0.48974230985895906],"[\"2010-2011\", \"1980-1981\", \"1981-1982\"]":[0.0038082024185588925,0.7502301781854246,0.24396914178581453],"[\"2010-2011\", \"1983-1984\", \"2002-2003\"]":[0.006411310643391794,0.8891475965305362,0.10248082797383035],"[\"2010-2011\", \"1980-1981\", \"1984-1985\"]":[0.07861227365972524,0.7703376510509683,0.1444750801535339],"[\"2010-2011\", \"1982-1983\", \"1984-1985\"]":[0.004059537161001911,0.8174864507572924,0.17382397957451548],"[\"2002-2003\", \"1984-1985\", \"1985-1986\"]":[0.07507425338671714,0.07385003028740503,0.8572356779800181],"[\"2002-2003\", \"1984-1985\", \"2010-2011\"]":[0.011696490413680679,0.05103645333626538,0.9330235464737622],"[\"2002-2003\", \"1980-1981\", \"2010-2011\"]":[0.05,0.95,0.0],"[\"2002-2003\", \"1983-1984\", \"1984-1985\"]":[0.052376419381686364,0.8911525415157047,0.05606692996911991],"[\"2002-2003\", \"1982-1983\", \"1983-1984\"]":[0.07333107710389053,0.8720678687866257,0.05062723058633151],"[\"2002-2003\", \"1982-1983\", \"1984-1985\"]":[0.16142726674287644,0.7494868242255921,0.09166856883343853]},