{"combinations":[["1989-1990","2005-2006","2003-2004"],["1989-1990","2005-2006","2004-2005"],["1989-1990","2005-2006","2016-2017"],["1989-1990","2005-2006","1999-2000"],["1989-1990","2005-2006","2017-2018"],["1989-1990","2005-2006","1987-1988"],["1989-1990","2005-2006","1998-1999"],["1989-1990","2005-2006","1982-1983"],["1989-1990","2005-2006","1992-1993"],["1989-1990","2005-2006","2000-2001"],["1989-1990","2005-2006","2007-2008"],["1989-1990","2005-2006","1988-1989"],["1989-1990","2005-2006","1980-1981"],["1989-1990","2005-2006","1993-1994"],["1989-1990","2005-2006","1991-1992"],["1989-1990","2005-2006","2011-2012"],["1989-1990","2005-2006","1983-1984"],["1989-1990","2005-2006","2014-2015"],["1989-1990","2005-2006","2010-2011"],["1989-1990","2005-2006","2015-2016"],["1989-1990","2005-2006","1985-1986"],["1989-1990","2005-2006","1984-1985"],["1989-1990","2005-2006","1990-1991"],["1989-1990","2005-2006","1997-1998"],["1989-1990","2005-2006","2012-2013"],["1989-1990","2005-2006","1986-1987"],["1989-1990","2005-2006","2013-2014"],["1989-1990","2005-2006","1981-1982"],["1989-1990","2005-2006","1994-1995"],["1989-1990","2005-2006","2002-2003"],["1989-1990","2005-2006","2018-2019"],["1989-1990","2005-2006","1995-1996"],["1989-1990","2005-2006","2001-2002"],["1989-1990","2005-2006","2008-2009"],["1989-1990","2005-2006","1996-1997"],["1989-1990","2005-2006","2009-2010"],["1989-1990","2005-2006","2006-2007"]],"sum_func":"sqrt_sum","opt_func":"sqrt_sum(x) + (sigmoid((sum(x)-1.011)*1000) + sigmoid((0.989-sum(x))*1000))*100000","best_weights":{"[\"1989-1990\", \"2005-2006\", \"1981-1982\"]":[0.6666666666666666,0.16666666666666666,0.16666666666666666],"[\"1989-1990\", \"2005-2006\", \"1990-1991\"]":[0.475,0.05,0.475],"[\"1989-1990\", \"2005-2006\", \"1992-1993\"]":[0.475,0.05,0.475],"[\"1989-1990\", \"2005-2006\", \"1991-1992\"]":[0.475,0.05,0.475],"[\"1989-1990\", \"2005-2006\", \"2002-2003\"]":[0.725,0.05,0.225],"[\"1989-1990\", \"2005-2006\", \"1986-1987\"]":[0.5,0.25,0.25],"[\"1989-1990\", \"2005-2006\", \"1982-1983\"]":[0.25,0.25,0.5],"[\"1989-1990\", \"2005-2006\", \"1996-1997\"]":[0.6666666666666666,0.16666666666666666,0.16666666666666666],"[\"1989-1990\", \"2005-2006\", \"2007-2008\"]":[0.3333333333333333,0.3333333333333333,0.3333333333333333],"[\"1989-1990\", \"2005-2006\", \"2014-2015\"]":[0.25,0.25,0.5],"[\"1989-1990\", \"2005-2006\", \"1980-1981\"]":[0.475,0.05,0.475],"[\"1989-1990\", \"2005-2006\", \"2004-2005\"]":[0.25,0.25,0.5],"[\"1989-1990\", \"2005-2006\", \"1999-2000\"]":[0.22499999999999998,0.225,0.55],"[\"1989-1990\", \"2005-2006\", \"1994-1995\"]":[0.5,0.25,0.25],"[\"1989-1990\", \"2005-2006\", \"2000-2001\"]":[0.25,0.25,0.5],"[\"1989-1990\", \"2005-2006\", \"2012-2013\"]":[0.5,0.25,0.25],"[\"1989-1990\", \"2005-2006\", \"2015-2016\"]":[0.5,0.25,0.25],"[\"1989-1990\", \"2005-2006\", \"1987-1988\"]":[0.4417552606532772,0.11648947869344556,0.4417552606532772],"[\"1989-1990\", \"2005-2006\", \"1984-1985\"]":[0.475,0.05,0.475],"[\"1989-1990\", \"2005-2006\", \"2008-2009\"]":[0.725,0.05,0.225],"[\"1989-1990\", \"2005-2006\", \"2006-2007\"]":[0.5,0.25,0.25],"[\"1989-1990\", \"2005-2006\", \"2016-2017\"]":[0.3839657462280606,0.15764808601212799,0.4572050408177416],"[\"1989-1990\", \"2005-2006\", \"1995-1996\"]":[0.725,0.05,0.225],"[\"1989-1990\", \"2005-2006\", \"2013-2014\"]":[0.25,0.25,0.5],"[\"1989-1990\", \"2005-2006\", \"1993-1994\"]":[0.475,0.05,0.475],"[\"1989-1990\", \"2005-2006\", \"1983-1984\"]":[0.475,0.05,0.475],"[\"1989-1990\", \"2005-2006\", \"2018-2019\"]":[0.5,0.25,0.25],"[\"1989-1990\", \"2005-2006\", \"1985-1986\"]":[0.5,0.25,0.25],"[\"1989-1990\", \"2005-2006\", \"2010-2011\"]":[0.475,0.05,0.475],"[\"1989-1990\", \"2005-2006\", \"1988-1989\"]":[0.25,0.25,0.5],"[\"1989-1990\", \"2005-2006\", \"1998-1999\"]":[0.34721003468050204,0.08209175827913281,0.5706982070403651],"[\"1989-1990\", \"2005-2006\", \"2009-2010\"]":[0.6666666666666666,0.16666666666666666,0.16666666666666666],"[\"1989-1990\", \"2005-2006\", \"2011-2012\"]":[0.25,0.25,0.5],"[\"1989-1990\", \"2005-2006\", \"1997-1998\"]":[0.5,0.25,0.25],"[\"1989-1990\", \"2005-2006\", \"2017-2018\"]":[0.475,0.05,0.475],"[\"1989-1990\", \"2005-2006\", \"2001-2002\"]":[0.6666666666666666,0.16666666666666666,0.16666666666666666],"[\"1989-1990\", \"2005-2006\", \"2003-2004\"]":[0.25,0.25,0.5]},"best_errors":{"[\"1989-1990\", \"2005-2006\", \"1981-1982\"]":57750.132323780264,"[\"1989-1990\", \"2005-2006\", \"1990-1991\"]":56547.81033868636,"[\"1989-1990\", \"2005-2006\", \"1992-1993\"]":53349.89213983485,"[\"1989-1990\", \"2005-2006\", \"1991-1992\"]":54907.436656254715,"[\"1989-1990\", \"2005-2006\", \"2002-2003\"]":58239.76884297631,"[\"1989-1990\", \"2005-2006\", \"1986-1987\"]":57461.07705729406,"[\"1989-1990\", \"2005-2006\", \"1982-1983\"]":53256.889303112504,"[\"1989-1990\", \"2005-2006\", \"1996-1997\"]":59018.92101038839,"[\"1989-1990\", \"2005-2006\", \"2007-2008\"]":53696.542872208156,"[\"1989-1990\", \"2005-2006\", \"2014-2015\"]":55344.55049673847,"[\"1989-1990\", \"2005-2006\", \"1980-1981\"]":54681.107329203594,"[\"1989-1990\", \"2005-2006\", \"2004-2005\"]":52247.1463737197,"[\"1989-1990\", \"2005-2006\", \"1999-2000\"]":52749.201236759596,"[\"1989-1990\", \"2005-2006\", \"1994-1995\"]":58085.36897982872,"[\"1989-1990\", \"2005-2006\", \"2000-2001\"]":53490.61211962548,"[\"1989-1990\", \"2005-2006\", \"2012-2013\"]":57426.94899032725,"[\"1989-1990\", \"2005-2006\", \"2015-2016\"]":55741.109996837265,"[\"1989-1990\", \"2005-2006\", \"1987-1988\"]":52892.21040452294,"[\"1989-1990\", \"2005-2006\", \"1984-1985\"]":56475.63796013064,"[\"1989-1990\", \"2005-2006\", \"2008-2009\"]":58853.62177252361,"[\"1989-1990\", \"2005-2006\", \"2006-2007\"]":59782.183923151395,"[\"1989-1990\", \"2005-2006\", \"2016-2017\"]":52623.46860231646,"[\"1989-1990\", \"2005-2006\", \"1995-1996\"]":58594.94346219279,"[\"1989-1990\", \"2005-2006\", \"2013-2014\"]":57680.74757438035,"[\"1989-1990\", \"2005-2006\", \"1993-1994\"]":54770.98558009491,"[\"1989-1990\", \"2005-2006\", \"1983-1984\"]":55232.182128508895,"[\"1989-1990\", \"2005-2006\", \"2018-2019\"]":58564.46131154741,"[\"1989-1990\", \"2005-2006\", \"1985-1986\"]":56221.5228989345,"[\"1989-1990\", \"2005-2006\", \"2010-2011\"]":55450.671625285584,"[\"1989-1990\", \"2005-2006\", \"1988-1989\"]":54376.88037771909,"[\"1989-1990\", \"2005-2006\", \"1998-1999\"]":53059.26676476528,"[\"1989-1990\", \"2005-2006\", \"2009-2010\"]":59216.92786668353,"[\"1989-1990\", \"2005-2006\", \"2011-2012\"]":55161.69983233188,"[\"1989-1990\", \"2005-2006\", \"1997-1998\"]":56823.88690359534,"[\"1989-1990\", \"2005-2006\", \"2017-2018\"]":52768.17884968932,"[\"1989-1990\", \"2005-2006\", \"2001-2002\"]":58775.877308092204,"[\"1989-1990\", \"2005-2006\", \"2003-2004\"]":50629.72816640199},