{"combinations":[["2002-2003","1982-1983","1984-1985"],["2010-2011","1981-1982","1982-1983"],["2002-2003","1980-1981","1982-1983"],["2002-2003","1981-1982","1982-1983"],["2002-2003","1982-1983","1985-1986"],["2010-2011","1982-1983","2002-2003"],["2002-2003","1982-1983","2010-2011"],["2010-2011","1982-1983","1984-1985"],["2002-2003","1982-1983","1983-1984"],["2010-2011","1980-1981","1982-1983"],["2002-2003","1980-1981","1984-1985"],["2002-2003","1980-1981","1985-1986"],["2010-2011","1982-1983","1985-1986"],["2002-2003","1980-1981","1981-1982"],["2002-2003","1980-1981","1983-1984"],["2002-2003","1980-1981","2010-2011"],["2010-2011","1980-1981","2002-2003"],["2010-2011","1982-1983","1983-1984"],["2010-2011","1980-1981","1984-1985"],["2010-2011","1980-1981","1981-1982"],["2002-2003","1983-1984","1984-1985"],["2002-2003","1981-1982","1983-1984"],["2010-2011","1980-1981","1985-1986"],["2010-2011","1980-1981","1983-1984"],["2010-2011","1981-1982","1983-1984"],["2010-2011","1983-1984","1984-1985"],["2010-2011","1983-1984","2002-2003"],["2002-2003","1983-1984","2010-2011"],["2002-2003","1983-1984","1985-1986"],["2002-2003","1981-1982","1985-1986"],["2002-2003","1984-1985","1985-1986"],["2002-2003","1981-1982","1984-1985"],["2010-2011","1981-1982","1985-1986"],["2002-2003","1981-1982","2010-2011"],["2010-2011","1983-1984","1985-1986"],["2010-2011","1981-1982","2002-2003"],["2010-2011","1984-1985","1985-1986"],["2010-2011","1981-1982","1984-1985"],["2002-2003","1985-1986","2010-2011"],["2002-2003","1984-1985","2010-2011"],["2010-2011","1985-1986","2002-2003"],["2010-2011","1984-1985","2002-2003"]],"300":300,"opt_func":"sqrt_sum(x) + (sigmoid((sum(x)-1.011)*1000) + sigmoid((0.989-sum(x))*1000))*100000","best_weights":{"[\"2010-2011\", \"1981-1982\", \"2002-2003\"]":[0.1974822445077496,0.7781816728920817,0.022007439533879444],"[\"2002-2003\", \"1981-1982\", \"2010-2011\"]":[0.07285110377418186,0.8590493418392456,0.06809955438657245],"[\"2010-2011\", \"1981-1982\", \"1985-1986\"]":[0.22560394892404734,0.3569991431677936,0.41503859104912044],"[\"2010-2011\", \"1980-1981\", \"1985-1986\"]":[0.06367033392141952,0.650014236395173,0.2870754595844221],"[\"2010-2011\", \"1980-1981\", \"1983-1984\"]":[0.09837132832677936,0.6612394475760273,0.23743968298382187],"[\"2002-2003\", \"1982-1983\", \"2010-2011\"]":[0.06119742672063071,0.7695994112742568,0.1666447983511844],"[\"2010-2011\", \"1983-1984\", \"1985-1986\"]":[0.12956062945102392,0.48505884324593807,0.38217919631471453],"[\"2010-2011\", \"1983-1984\", \"1984-1985\"]":[0.07625544422867575,0.7781062385638448,0.14296262703939983],"[\"2002-2003\", \"1981-1982\", \"1983-1984\"]":[0.05153297753580986,0.5641673331151259,0.3796706951805494],"[\"2002-2003\", \"1983-1984\", \"2010-2011\"]":[0.04994918825268843,0.9159452802048875,0.032280514774938665],"[\"2010-2011\", \"1985-1986\", \"2002-2003\"]":[0.446265428195833,0.5072244528288092,0.050455302804449514],"[\"2002-2003\", \"1980-1981\", \"1985-1986\"]":[0.04944254152983244,0.7009414801835209,0.2534257044207934],"[\"2010-2011\", \"1981-1982\", \"1982-1983\"]":[0.11925353145719814,0.3535839545234429,0.5291814486722044],"[\"2010-2011\", \"1981-1982\", \"1984-1985\"]":[0.10348205174050709,0.7656085908873971,0.13100499901347465],"[\"2002-2003\", \"1981-1982\", \"1984-1985\"]":[0.052061060705809334,0.884640235837688,0.06759064860484137],"[\"2010-2011\", \"1984-1985\", \"1985-1986\"]":[0.07489128793541597,0.12621269212344355,0.7969155058649068],"[\"2010-2011\", \"1980-1981\", \"2002-2003\"]":[0.133476758489815,0.8086907762307455,0.05720914082504605],"[\"2010-2011\", \"1980-1981\", \"1982-1983\"]":[0.21873345515098647,0.26112310336802,0.5186250680231763],"[\"2002-2003\", \"1985-1986\", \"2010-2011\"]":[0.0880021006969989,0.8661278710925904,0.04293939686846604],"[\"2002-2003\", \"1982-1983\", \"1985-1986\"]":[0.050774779991014915,0.7028088563869161,0.24884223112838377],"[\"2002-2003\", \"1980-1981\", \"1983-1984\"]":[0.052045236310089185,0.65164496614859,0.2944243627386478],"[\"2010-2011\", \"1982-1983\", \"2002-2003\"]":[0.06600631589434466,0.8459898498754561,0.08366374902460424],"[\"2002-2003\", \"1981-1982\", \"1982-1983\"]":[0.1052907719647991,0.06878301180588128,0.8222442275519198],"[\"2002-2003\", \"1983-1984\", \"1985-1986\"]":[0.05830789087964806,0.7750920402337133,0.1702524353092885],"[\"2002-2003\", \"1980-1981\", \"1982-1983\"]":[0.10092809483551762,0.3022548436581093,0.5988536604528648],"[\"2010-2011\", \"1982-1983\", \"1985-1986\"]":[0.10232485185832424,0.6443667124828326,0.25030980773554257],"[\"2010-2011\", \"1984-1985\", \"2002-2003\"]":[0.8206911769068589,0.1267026511555368,0.05468058706633969],"[\"2002-2003\", \"1980-1981\", \"1984-1985\"]":[0.07856148375823412,0.831836374325543,0.08840317914520354],"[\"2002-2003\", \"1981-1982\", \"1985-1986\"]":[0.05129716200460482,0.5251828854796894,0.42185027987999674],"[\"2002-2003\", \"1984-1985\", \"1985-1986\"]":[0.04285834195764043,0.12459662146401276,0.8278453737841922],"[\"2010-2011\", \"1982-1983\", \"1983-1984\"]":[0.0783813307546165,0.9100038884266779,0.00951134147103927],"[\"2010-2011\", \"1983-1984\", \"2002-2003\"]":[0.0568817453505583,0.8892453329203884,0.051055605002333804],"[\"2002-2003\", \"1980-1981\", \"1981-1982\"]":[0.054422527303365886,0.7276573059588591,0.22406301954829322],"[\"2010-2011\", \"1981-1982\", \"1983-1984\"]":[0.12388140740770252,0.325287252465576,0.5480080235854524],"[\"2010-2011\", \"1980-1981\", \"1984-1985\"]":[0.0825798963686835,0.7981069632798974,0.11718126351111027],"[\"2010-2011\", \"1982-1983\", \"1984-1985\"]":[0.12779374930585766,0.7282525317211226,0.13754257227928368],"[\"2010-2011\", \"1980-1981\", \"1981-1982\"]":[0.11467005061364677,0.7014541868987901,0.17986777802921688],"[\"2002-2003\", \"1984-1985\", \"2010-2011\"]":[0.04974486007592274,0.11858293017831092,0.8291165120556817],"[\"2002-2003\", \"1983-1984\", \"1984-1985\"]":[0.05585183172148523,0.7476316717771412,0.19642627898193693],"[\"2002-2003\", \"1982-1983\", \"1983-1984\"]":[0.11656859563034383,0.8403556404742317,0.04305739890589931],"[\"2002-2003\", \"1980-1981\", \"2010-2011\"]":[0.06271414503199425,0.8602711837677482,0.08004482455514282],"[\"2002-2003\", \"1982-1983\", \"1984-1985\"]":[0.06053566215443748,0.8382344502948686,0.10124918474425423]},