{"combinations":[["2010-2011","1981-1982","1982-1983"],["2010-2011","1980-1981","1982-1983"],["2010-2011","1980-1981","1983-1984"],["2010-2011","1982-1983","1985-1986"],["2002-2003","1982-1983","1983-1984"],["2010-2011","1980-1981","1985-1986"],["2002-2003","1980-1981","1982-1983"],["2010-2011","1981-1982","1983-1984"],["2010-2011","1982-1983","1983-1984"],["2010-2011","1980-1981","1984-1985"],["2002-2003","1980-1981","1983-1984"],["2002-2003","1981-1982","1982-1983"],["2002-2003","1980-1981","2010-2011"],["2010-2011","1981-1982","1985-1986"],["2002-2003","1982-1983","2010-2011"],["2010-2011","1982-1983","2002-2003"],["2010-2011","1981-1982","2002-2003"],["2002-2003","1981-1982","1983-1984"],["2002-2003","1980-1981","1985-1986"],["2010-2011","1980-1981","1981-1982"],["2010-2011","1981-1982","1984-1985"],["2002-2003","1981-1982","2010-2011"],["2002-2003","1981-1982","1984-1985"],["2002-2003","1981-1982","1985-1986"],["2010-2011","1980-1981","2002-2003"],["2002-2003","1983-1984","2010-2011"],["2002-2003","1982-1983","1984-1985"],["2002-2003","1982-1983","1985-1986"],["2010-2011","1984-1985","1985-1986"],["2002-2003","1980-1981","1981-1982"],["2002-2003","1980-1981","1984-1985"],["2002-2003","1983-1984","1984-1985"],["2010-2011","1983-1984","2002-2003"],["2010-2011","1983-1984","1985-1986"],["2010-2011","1983-1984","1984-1985"],["2002-2003","1983-1984","1985-1986"],["2002-2003","1984-1985","1985-1986"],["2002-2003","1985-1986","2010-2011"],["2010-2011","1982-1983","1984-1985"],["2010-2011","1985-1986","2002-2003"],["2010-2011","1984-1985","2002-2003"],["2002-2003","1984-1985","2010-2011"]],"sum_func":"sqrt_sum","opt_func":"sqrt_sum(x) + (sigmoid((sum(x)-1.011)*1000) + sigmoid((0.989-sum(x))*1000))*100000","6.0":6.0,"best_weights":{"[\"2010-2011\", \"1981-1982\", \"2002-2003\"]":[0.0,0.975,0.025],"[\"2002-2003\", \"1981-1982\", \"2010-2011\"]":[0.0,0.975,0.025],"[\"2010-2011\", \"1985-1986\", \"2002-2003\"]":[0.025,0.975,0.0],"[\"2010-2011\", \"1984-1985\", \"1985-1986\"]":[0.3333333333333333,0.3333333333333333,0.3333333333333333],"[\"2010-2011\", \"1983-1984\", \"1984-1985\"]":[0.0,1.0,0.0],"[\"2010-2011\", \"1980-1981\", \"1983-1984\"]":[0.3333333333333333,0.3333333333333333,0.3333333333333333],"[\"2002-2003\", \"1981-1982\", \"1984-1985\"]":[0.0,0.975,0.025],"[\"2010-2011\", \"1983-1984\", \"1985-1986\"]":[0.0,0.975,0.025],"[\"2010-2011\", \"1980-1981\", \"1985-1986\"]":[0.3333333333333333,0.3333333333333333,0.3333333333333333],"[\"2002-2003\", \"1981-1982\", \"1983-1984\"]":[0.025,0.975,0.0],"[\"2002-2003\", \"1983-1984\", \"2010-2011\"]":[0.01411824286602676,0.8169369109041307,0.16303982984000964],"[\"2002-2003\", \"1980-1981\", \"1985-1986\"]":[0.3333333333333333,0.3333333333333333,0.3333333333333333],"[\"2010-2011\", \"1981-1982\", \"1982-1983\"]":[0.3333333333333333,0.3333333333333333,0.3333333333333333],"[\"2010-2011\", \"1981-1982\", \"1984-1985\"]":[0.025,0.975,0.0],"[\"2010-2011\", \"1981-1982\", \"1985-1986\"]":[0.038077591287029935,0.7945070290966342,0.17178546338988537],"[\"2002-2003\", \"1982-1983\", \"2010-2011\"]":[0.3333333333333333,0.3333333333333333,0.3333333333333333],"[\"2010-2011\", \"1980-1981\", \"2002-2003\"]":[0.3333333333333333,0.3333333333333333,0.3333333333333333],"[\"2010-2011\", \"1980-1981\", \"1982-1983\"]":[0.3333333333333333,0.3333333333333333,0.3333333333333333],"[\"2002-2003\", \"1985-1986\", \"2010-2011\"]":[0.025,0.975,0.0],"[\"2002-2003\", \"1982-1983\", \"1985-1986\"]":[0.025,0.975,0.0],"[\"2002-2003\", \"1980-1981\", \"1983-1984\"]":[0.30791280073852323,0.428139220653787,0.267678474624382],"[\"2010-2011\", \"1982-1983\", \"2002-2003\"]":[0.3333333333333333,0.3333333333333333,0.3333333333333333],"[\"2002-2003\", \"1981-1982\", \"1982-1983\"]":[0.3333333333333333,0.3333333333333333,0.3333333333333333],"[\"2002-2003\", \"1980-1981\", \"1982-1983\"]":[0.3333333333333333,0.3333333333333333,0.3333333333333333],"[\"2002-2003\", \"1983-1984\", \"1985-1986\"]":[0.025,0.0,0.975],"[\"2010-2011\", \"1982-1983\", \"1985-1986\"]":[0.3333333333333333,0.3333333333333333,0.3333333333333333],"[\"2010-2011\", \"1984-1985\", \"2002-2003\"]":[0.975,0.0,0.025],"[\"2002-2003\", \"1980-1981\", \"1984-1985\"]":[0.0,1.0,0.0],"[\"2002-2003\", \"1981-1982\", \"1985-1986\"]":[0.0,1.0,0.0],"[\"2002-2003\", \"1980-1981\", \"1981-1982\"]":[0.0,1.0,0.0],"[\"2010-2011\", \"1982-1983\", \"1983-1984\"]":[0.4470522686737352,0.2234225402180453,0.3290012070305295],"[\"2010-2011\", \"1983-1984\", \"2002-2003\"]":[0.025,0.975,0.0],"[\"2010-2011\", \"1980-1981\", \"1984-1985\"]":[0.2701039858936859,0.6552137808576203,0.06721554826424912],"[\"2002-2003\", \"1984-1985\", \"1985-1986\"]":[0.025,0.0,0.975],"[\"2010-2011\", \"1980-1981\", \"1981-1982\"]":[0.025,0.0,0.975],"[\"2010-2011\", \"1982-1983\", \"1984-1985\"]":[0.4194,0.0,0.5806],"[\"2010-2011\", \"1981-1982\", \"1983-1984\"]":[0.3333333333333333,0.3333333333333333,0.3333333333333333],"[\"2002-2003\", \"1984-1985\", \"2010-2011\"]":[0.4194,0.0,0.5806],"[\"2002-2003\", \"1983-1984\", \"1984-1985\"]":[0.0,0.975,0.025],"[\"2002-2003\", \"1980-1981\", \"2010-2011\"]":[0.16406175962114602,0.8300166091185792,0.002631511288210924],"[\"2002-2003\", \"1982-1983\", \"1983-1984\"]":[0.13208561405451535,0.7257438539776505,0.14679708352205395],"[\"2002-2003\", \"1982-1983\", \"1984-1985\"]":[0.025,0.975,0.0]},