{"combinations":[["2010-2011","1986-1987"],["2010-2011","1982-1983"],["2002-2003","2015-2016"],["2002-2003","2014-2015"],["2010-2011","2015-2016"],["2010-2011","2013-2014"],["2010-2011","2003-2004"],["2010-2011","1992-1993"],["2010-2011","2007-2008"],["2002-2003","2016-2017"],["2010-2011","2014-2015"],["2010-2011","1980-1981"],["2010-2011","1991-1992"],["2010-2011","1988-1989"],["2010-2011","2004-2005"],["2010-2011","2011-2012"],["2010-2011","2016-2017"],["2010-2011","1999-2000"],["2010-2011","1997-1998"],["2002-2003","2004-2005"],["2010-2011","2006-2007"],["2002-2003","2013-2014"],["2002-2003","2007-2008"],["2002-2003","1992-1993"],["2010-2011","1998-1999"],["2010-2011","1989-1990"],["2010-2011","2001-2002"],["2002-2003","2003-2004"],["2002-2003","2011-2012"],["2002-2003","1998-1999"],["2010-2011","2017-2018"],["2010-2011","1987-1988"],["2010-2011","1994-1995"],["2002-2003","1981-1982"],["2002-2003","1982-1983"],["2010-2011","1981-1982"],["2002-2003","1986-1987"],["2002-2003","1997-1998"],["2002-2003","2001-2002"],["2002-2003","1980-1981"],["2002-2003","1999-2000"],["2002-2003","1991-1992"],["2010-2011","2018-2019"],["2002-2003","1989-1990"],["2002-2003","1988-1989"],["2002-2003","2006-2007"],["2002-2003","1987-1988"],["2002-2003","1983-1984"],["2010-2011","1993-1994"],["2010-2011","1983-1984"],["2002-2003","1994-1995"],["2010-2011","2012-2013"],["2002-2003","1993-1994"],["2010-2011","1990-1991"],["2002-2003","1990-1991"],["2010-2011","2000-2001"],["2010-2011","1984-1985"],["2002-2003","1985-1986"],["2002-2003","2012-2013"],["2010-2011","1996-1997"],["2002-2003","2000-2001"],["2002-2003","2008-2009"],["2010-2011","1995-1996"],["2010-2011","2008-2009"],["2010-2011","1985-1986"],["2010-2011","2002-2003"],["2002-2003","2010-2011"],["2010-2011","2005-2006"],["2002-2003","1996-1997"],["2002-2003","2005-2006"],["2010-2011","2009-2010"],["2002-2003","1984-1985"],["2002-2003","2009-2010"],["2002-2003","1995-1996"],["2002-2003","2017-2018"],["2002-2003","2018-2019"]],"sum_func":"sqrt_sum","opt_func":"sqrt_sum(x) + (sigmoid((sum(x)-1.011)*1000) + sigmoid((0.989-sum(x))*1000))*100000","best_weights":{"[\"2002-2003\", \"2014-2015\"]":[0.05,0.95],"[\"2002-2003\", \"2007-2008\"]":[0.19045122622871918,0.8101367540153475],"[\"2010-2011\", \"2005-2006\"]":[0.7885121753714309,0.21216388120078747],"[\"2010-2011\", \"1985-1986\"]":[0.21829268166576896,0.7781734935274257],"[\"2002-2003\", \"1991-1992\"]":[0.05,0.95],"[\"2010-2011\", \"2001-2002\"]":[0.3333333333333333,0.6666666666666666],"[\"2002-2003\", \"2001-2002\"]":[0.05,0.95],"[\"2010-2011\", \"1988-1989\"]":[0.5,0.5],"[\"2010-2011\", \"2014-2015\"]":[0.24301506968077047,0.7575632049101235],"[\"2002-2003\", \"1988-1989\"]":[0.3333333333333333,0.6666666666666666],"[\"2010-2011\", \"1986-1987\"]":[0.5,0.5],"[\"2010-2011\", \"2012-2013\"]":[0.5,0.5],"[\"2010-2011\", \"2009-2010\"]":[0.95,0.05],"[\"2010-2011\", \"2013-2014\"]":[0.5,0.5],"[\"2010-2011\", \"2015-2016\"]":[0.3333333333333333,0.6666666666666666],"[\"2010-2011\", \"1990-1991\"]":[0.30260706573094753,0.6981716127902164],"[\"2002-2003\", \"2006-2007\"]":[0.3333333333333333,0.6666666666666666],"[\"2002-2003\", \"2008-2009\"]":[0.05,0.9494416415969982],"[\"2002-2003\", \"1994-1995\"]":[0.3974055614897712,0.6048052165958232],"[\"2002-2003\", \"1981-1982\"]":[0.05,0.95],"[\"2002-2003\", \"2017-2018\"]":[0.0,0.0],"[\"2010-2011\", \"2011-2012\"]":[0.3333333333333333,0.6666666666666666],"[\"2002-2003\", \"2009-2010\"]":[0.05,0.95],"[\"2002-2003\", \"2005-2006\"]":[0.05,0.95],"[\"2002-2003\", \"2016-2017\"]":[0.05,0.95],"[\"2010-2011\", \"2017-2018\"]":[0.3333333333333333,0.6666666666666666],"[\"2002-2003\", \"1980-1981\"]":[0.27817961001177977,0.7202387316037842],"[\"2010-2011\", \"1989-1990\"]":[0.44024238497658585,0.5619440794965826],"[\"2002-2003\", \"1998-1999\"]":[0.16510071099340812,0.8343336147562568],"[\"2010-2011\", \"2003-2004\"]":[0.39803527344183454,0.6024553326609557],"[\"2010-2011\", \"1993-1994\"]":[0.4612165086545221,0.5366029868353159],"[\"2010-2011\", \"1981-1982\"]":[0.3333333333333333,0.6666666666666666],"[\"2002-2003\", \"1993-1994\"]":[0.27512804944703484,0.7274446018567771],"[\"2010-2011\", \"1996-1997\"]":[0.5,0.5],"[\"2010-2011\", \"2007-2008\"]":[0.3333333333333333,0.6666666666666666],"[\"2002-2003\", \"1985-1986\"]":[0.05,0.95],"[\"2002-2003\", \"1989-1990\"]":[0.1540397437261263,0.8413293205916674],"[\"2002-2003\", \"1986-1987\"]":[0.3333333333333333,0.6666666666666666],"[\"2010-2011\", \"2006-2007\"]":[0.5,0.5],"[\"2010-2011\", \"1987-1988\"]":[0.3333333333333333,0.6666666666666666],"[\"2010-2011\", \"1994-1995\"]":[0.5894438653350099,0.4098348344419712],"[\"2002-2003\", \"2000-2001\"]":[0.05,0.95],"[\"2002-2003\", \"1992-1993\"]":[0.16059773778481679,0.838449719627043],"[\"2002-2003\", \"1990-1991\"]":[0.05,0.95],"[\"2002-2003\", \"1999-2000\"]":[0.3333333333333333,0.6666666666666666],"[\"2010-2011\", \"2008-2009\"]":[0.3333333333333333,0.6666666666666666],"[\"2002-2003\", \"1995-1996\"]":[0.6633405725016154,0.3350299132657949],"[\"2002-2003\", \"1987-1988\"]":[0.05,0.95],"[\"2010-2011\", \"2004-2005\"]":[0.3333333333333333,0.6666666666666666],"[\"2002-2003\", \"1983-1984\"]":[0.05,0.95],"[\"2002-2003\", \"1982-1983\"]":[0.31513784071077433,0.6858815993180137],"[\"2002-2003\", \"2012-2013\"]":[0.05,0.95],"[\"2002-2003\", \"1996-1997\"]":[0.05,0.95],"[\"2010-2011\", \"1998-1999\"]":[0.34859685708104665,0.6519546756633455],"[\"2002-2003\", \"2018-2019\"]":[0.0,0.0],"[\"2010-2011\", \"1999-2000\"]":[0.5,0.5],"[\"2010-2011\", \"2002-2003\"]":[0.95,0.05],"[\"2002-2003\", \"2013-2014\"]":[0.27862435025097565,0.7218332294630796],"[\"2010-2011\", \"1992-1993\"]":[0.3333333333333333,0.6666666666666666],"[\"2010-2011\", \"1991-1992\"]":[0.3333333333333333,0.6666666666666666],"[\"2002-2003\", \"2015-2016\"]":[0.05,0.95],"[\"2010-2011\", \"1984-1985\"]":[0.6666666666666666,0.3333333333333333],"[\"2002-2003\", \"2011-2012\"]":[0.05,0.95],"[\"2010-2011\", \"1982-1983\"]":[0.4454969092213134,0.552541886289516],"[\"2010-2011\", \"1980-1981\"]":[0.4558650635034233,0.5424908234289474],"[\"2002-2003\", \"2004-2005\"]":[0.05,0.95],"[\"2010-2011\", \"1997-1998\"]":[0.5,0.5],"[\"2010-2011\", \"2000-2001\"]":[0.5591516975164847,0.43839064003803624],"[\"2002-2003\", \"1997-1998\"]":[0.05,0.95],"[\"2002-2003\", \"1984-1985\"]":[0.05,0.95],"[\"2010-2011\", \"1995-1996\"]":[0.95,0.05],"[\"2010-2011\", \"1983-1984\"]":[0.3333333333333333,0.6666666666666666],"[\"2010-2011\", \"2016-2017\"]":[0.3333333333333333,0.6666666666666666],"[\"2002-2003\", \"2010-2011\"]":[0.05,0.95],"[\"2002-2003\", \"2003-2004\"]":[0.1002457149778453,0.8969081517313658],"[\"2010-2011\", \"2018-2019\"]":[0.3023592076265512,0.6976407923734488]},