{"combinations":[["2010-2011","1981-1982","1982-1983"],["2010-2011","1980-1981","1981-1982"],["2010-2011","1980-1981","1982-1983"],["2010-2011","1982-1983","1983-1984"],["2010-2011","1980-1981","1985-1986"],["2002-2003","1980-1981","1982-1983"],["2010-2011","1982-1983","2002-2003"],["2002-2003","1980-1981","1981-1982"],["2002-2003","1981-1982","1982-1983"],["2002-2003","1980-1981","1983-1984"],["2002-2003","1982-1983","2010-2011"],["2002-2003","1981-1982","1983-1984"],["2002-2003","1981-1982","2010-2011"],["2010-2011","1981-1982","1985-1986"],["2002-2003","1980-1981","1985-1986"],["2010-2011","1981-1982","1984-1985"],["2010-2011","1981-1982","2002-2003"],["2002-2003","1981-1982","1984-1985"],["2002-2003","1981-1982","1985-1986"],["2002-2003","1980-1981","2010-2011"],["2010-2011","1980-1981","2002-2003"],["2002-2003","1980-1981","1984-1985"],["2010-2011","1980-1981","1983-1984"],["2010-2011","1983-1984","1985-1986"],["2002-2003","1982-1983","1983-1984"],["2002-2003","1982-1983","1985-1986"],["2010-2011","1980-1981","1984-1985"],["2002-2003","1982-1983","1984-1985"],["2010-2011","1984-1985","1985-1986"],["2010-2011","1982-1983","1985-1986"],["2002-2003","1983-1984","2010-2011"],["2010-2011","1981-1982","1983-1984"],["2010-2011","1983-1984","2002-2003"],["2010-2011","1983-1984","1984-1985"],["2010-2011","1985-1986","2002-2003"],["2002-2003","1983-1984","1985-1986"],["2002-2003","1984-1985","1985-1986"],["2002-2003","1985-1986","2010-2011"],["2010-2011","1982-1983","1984-1985"],["2010-2011","1984-1985","2002-2003"],["2002-2003","1984-1985","2010-2011"],["2002-2003","1983-1984","1984-1985"]],"sum_func":"sqrt_sum","opt_func":"sqrt_sum(x) + (sigmoid((sum(x)-1.011)*1000) + sigmoid((0.989-sum(x))*1000))*100000","6.0":6.0,"best_weights":{"[\"2002-2003\", \"1982-1983\", \"2010-2011\"]":[0.023151980578477116,0.9054527854817878,0.06872749063901762],"[\"2010-2011\", \"1980-1981\", \"1985-1986\"]":[0.3333333333333333,0.3333333333333333,0.3333333333333333],"[\"2002-2003\", \"1981-1982\", \"2010-2011\"]":[0.025,0.975,0.0],"[\"2010-2011\", \"1984-1985\", \"1985-1986\"]":[0.3498819818224825,0.23883773938314268,0.40472003473855983],"[\"2010-2011\", \"1981-1982\", \"2002-2003\"]":[0.0,1.0,0.0],"[\"2010-2011\", \"1981-1982\", \"1985-1986\"]":[0.3333333333333333,0.3333333333333333,0.3333333333333333],"[\"2002-2003\", \"1981-1982\", \"1984-1985\"]":[0.0,1.0,0.0],"[\"2010-2011\", \"1983-1984\", \"1985-1986\"]":[0.3333333333333333,0.3333333333333333,0.3333333333333333],"[\"2010-2011\", \"1980-1981\", \"1983-1984\"]":[0.4194,0.0,0.5806],"[\"2010-2011\", \"1985-1986\", \"2002-2003\"]":[0.0,0.975,0.025],"[\"2010-2011\", \"1983-1984\", \"1984-1985\"]":[0.0,1.0,0.0],"[\"2002-2003\", \"1980-1981\", \"1985-1986\"]":[0.3333333333333333,0.3333333333333333,0.3333333333333333],"[\"2010-2011\", \"1981-1982\", \"1982-1983\"]":[0.3333333333333333,0.3333333333333333,0.3333333333333333],"[\"2002-2003\", \"1981-1982\", \"1983-1984\"]":[0.025,0.975,0.0],"[\"2002-2003\", \"1983-1984\", \"2010-2011\"]":[0.025,0.975,0.0],"[\"2010-2011\", \"1981-1982\", \"1984-1985\"]":[0.025,0.975,0.0],"[\"2010-2011\", \"1980-1981\", \"2002-2003\"]":[0.0,0.975,0.025],"[\"2010-2011\", \"1980-1981\", \"1982-1983\"]":[0.4194,0.0,0.5806],"[\"2002-2003\", \"1985-1986\", \"2010-2011\"]":[0.025,0.975,0.0],"[\"2002-2003\", \"1982-1983\", \"1985-1986\"]":[0.025,0.975,0.0],"[\"2002-2003\", \"1980-1981\", \"1983-1984\"]":[0.3333333333333333,0.3333333333333333,0.3333333333333333],"[\"2010-2011\", \"1982-1983\", \"2002-2003\"]":[0.22814968832686514,0.7664502284463385,0.006775837468480677],"[\"2002-2003\", \"1981-1982\", \"1982-1983\"]":[0.3333333333333333,0.3333333333333333,0.3333333333333333],"[\"2002-2003\", \"1983-1984\", \"1985-1986\"]":[0.025,0.0,0.975],"[\"2002-2003\", \"1980-1981\", \"1982-1983\"]":[0.3333333333333333,0.3333333333333333,0.3333333333333333],"[\"2010-2011\", \"1982-1983\", \"1985-1986\"]":[0.025,0.975,0.0],"[\"2010-2011\", \"1984-1985\", \"2002-2003\"]":[0.975,0.0,0.025],"[\"2002-2003\", \"1980-1981\", \"1984-1985\"]":[0.025,0.975,0.0],"[\"2002-2003\", \"1981-1982\", \"1985-1986\"]":[0.0,1.0,0.0],"[\"2002-2003\", \"1980-1981\", \"1981-1982\"]":[0.07922954130988481,0.10628961781840268,0.8182008879414124],"[\"2002-2003\", \"1984-1985\", \"1985-1986\"]":[0.025,0.0,0.975],"[\"2010-2011\", \"1981-1982\", \"1983-1984\"]":[0.025,0.0,0.975],"[\"2010-2011\", \"1980-1981\", \"1984-1985\"]":[0.0,0.975,0.025],"[\"2010-2011\", \"1982-1983\", \"1983-1984\"]":[0.3333333333333333,0.3333333333333333,0.3333333333333333],"[\"2010-2011\", \"1983-1984\", \"2002-2003\"]":[0.025,0.975,0.0],"[\"2010-2011\", \"1982-1983\", \"1984-1985\"]":[0.4194,0.0,0.5806],"[\"2010-2011\", \"1980-1981\", \"1981-1982\"]":[0.3333333333333333,0.3333333333333333,0.3333333333333333],"[\"2002-2003\", \"1984-1985\", \"2010-2011\"]":[0.025,0.0,0.975],"[\"2002-2003\", \"1983-1984\", \"1984-1985\"]":[0.3333333333333333,0.3333333333333333,0.3333333333333333],"[\"2002-2003\", \"1980-1981\", \"2010-2011\"]":[0.3333333333333333,0.3333333333333333,0.3333333333333333],"[\"2002-2003\", \"1982-1983\", \"1983-1984\"]":[0.025,0.975,0.0],"[\"2002-2003\", \"1982-1983\", \"1984-1985\"]":[0.3333333333333333,0.3333333333333333,0.3333333333333333]},