{"combinations":[["2002-2003","1982-1983","1984-1985"],["2010-2011","1981-1982","1982-1983"],["2002-2003","1980-1981","1982-1983"],["2002-2003","1981-1982","1982-1983"],["2010-2011","1982-1983","2002-2003"],["2002-2003","1982-1983","2010-2011"],["2002-2003","1982-1983","1983-1984"],["2002-2003","1980-1981","1984-1985"],["2010-2011","1980-1981","1982-1983"],["2002-2003","1982-1983","1985-1986"],["2010-2011","1982-1983","1983-1984"],["2002-2003","1980-1981","1981-1982"],["2010-2011","1982-1983","1985-1986"],["2010-2011","1982-1983","1984-1985"],["2002-2003","1980-1981","1985-1986"],["2002-2003","1981-1982","1983-1984"],["2002-2003","1980-1981","1983-1984"],["2010-2011","1980-1981","1985-1986"],["2010-2011","1980-1981","1984-1985"],["2010-2011","1980-1981","1981-1982"],["2010-2011","1980-1981","1983-1984"],["2002-2003","1980-1981","2010-2011"],["2010-2011","1981-1982","1983-1984"],["2010-2011","1980-1981","2002-2003"],["2002-2003","1983-1984","1985-1986"],["2002-2003","1983-1984","1984-1985"],["2002-2003","1983-1984","2010-2011"],["2010-2011","1983-1984","1984-1985"],["2002-2003","1981-1982","1985-1986"],["2010-2011","1981-1982","1985-1986"],["2010-2011","1981-1982","2002-2003"],["2010-2011","1983-1984","2002-2003"],["2010-2011","1983-1984","1985-1986"],["2002-2003","1981-1982","1984-1985"],["2002-2003","1981-1982","2010-2011"],["2010-2011","1985-1986","2002-2003"],["2010-2011","1981-1982","1984-1985"],["2010-2011","1984-1985","1985-1986"],["2002-2003","1984-1985","1985-1986"],["2002-2003","1985-1986","2010-2011"],["2002-2003","1984-1985","2010-2011"],["2010-2011","1984-1985","2002-2003"]],"opt_func":"sqrt_sum(x) + (sigmoid((sum(x)-1.011)*1000) + sigmoid((0.989-sum(x))*1000))*100000","best_weights":{"[\"2002-2003\", \"1982-1983\", \"2010-2011\"]":[0.08620757670668935,0.8130581230064104,0.10731908885612078],"[\"2002-2003\", \"1983-1984\", \"2010-2011\"]":[0.12325098103355941,0.8113897819183206,0.06863814567837087],"[\"2010-2011\", \"1981-1982\", \"1985-1986\"]":[0.13370048284484362,0.5550906016782706,0.30571152286181874],"[\"2010-2011\", \"1981-1982\", \"2002-2003\"]":[0.2947853646066352,0.6576658015355933,0.04846018919594268],"[\"2010-2011\", \"1983-1984\", \"1984-1985\"]":[0.16375873611251243,0.5846478794242711,0.2448323753635066],"[\"2010-2011\", \"1980-1981\", \"1983-1984\"]":[0.1626767785641792,0.4769786137093021,0.35474955235647976],"[\"2002-2003\", \"1981-1982\", \"1983-1984\"]":[0.09645225783660379,0.2612803121196227,0.6379968972083302],"[\"2010-2011\", \"1980-1981\", \"1985-1986\"]":[0.12085561925920296,0.761126366122673,0.11840951810366104],"[\"2010-2011\", \"1984-1985\", \"1985-1986\"]":[0.19062837057981713,0.061317540802528755,0.7512553053288475],"[\"2010-2011\", \"1985-1986\", \"2002-2003\"]":[0.1250385424318869,0.8491839733906077,0.025751709732406744],"[\"2010-2011\", \"1983-1984\", \"1985-1986\"]":[0.030097368217289873,0.6370683932317038,0.3293244477454478],"[\"2010-2011\", \"1981-1982\", \"1982-1983\"]":[0.0931667566514611,0.30206854026997215,0.6085783004426979],"[\"2002-2003\", \"1980-1981\", \"1985-1986\"]":[0.01855858590427809,0.7046613320193531,0.27821630365519],"[\"2002-2003\", \"1981-1982\", \"2010-2011\"]":[0.025,0.975,0.0],"[\"2010-2011\", \"1981-1982\", \"1984-1985\"]":[0.03199874264561717,0.9391233017938376,0.025010020747679107],"[\"2002-2003\", \"1981-1982\", \"1984-1985\"]":[0.025,0.975,0.0],"[\"2010-2011\", \"1980-1981\", \"2002-2003\"]":[0.463048609541806,0.4907720527063001,0.048624631794702985],"[\"2010-2011\", \"1980-1981\", \"1982-1983\"]":[0.11764045230356623,0.24525931373088,0.6419549689559798],"[\"2002-2003\", \"1985-1986\", \"2010-2011\"]":[0.025,0.975,0.0],"[\"2002-2003\", \"1982-1983\", \"1985-1986\"]":[0.20398103449048982,0.7609518596989387,0.03432257283236068],"[\"2002-2003\", \"1980-1981\", \"1983-1984\"]":[0.02547501481167549,0.568439489346098,0.40733531218259494],"[\"2010-2011\", \"1982-1983\", \"2002-2003\"]":[0.23043662472342952,0.7063985990711299,0.06817483063535046],"[\"2002-2003\", \"1981-1982\", \"1982-1983\"]":[0.03440767047395068,0.0632465686377469,0.8996715605256587],"[\"2002-2003\", \"1983-1984\", \"1985-1986\"]":[0.10312334977621375,0.7402124865622355,0.16196953945742032],"[\"2002-2003\", \"1980-1981\", \"1982-1983\"]":[0.08594069989596415,0.40258743888213944,0.5116290190241773],"[\"2010-2011\", \"1982-1983\", \"1985-1986\"]":[0.19167876831137493,0.8068685490374841,0.006706826885642121],"[\"2010-2011\", \"1984-1985\", \"2002-2003\"]":[0.975,0.0,0.025],"[\"2002-2003\", \"1980-1981\", \"1984-1985\"]":[0.04690417076422566,0.8280213372691314,0.119337641094523],"[\"2002-2003\", \"1981-1982\", \"1985-1986\"]":[0.0619549583320854,0.761676679502807,0.18069575262808343],"[\"2002-2003\", \"1984-1985\", \"1985-1986\"]":[0.025,0.0,0.975],"[\"2002-2003\", \"1980-1981\", \"1981-1982\"]":[0.06278793694526068,0.8496998941411402,0.09303435104758945],"[\"2010-2011\", \"1981-1982\", \"1983-1984\"]":[0.1018910674437404,0.1740010190475908,0.7236339857236371],"[\"2010-2011\", \"1983-1984\", \"2002-2003\"]":[0.11607330984277583,0.8762335343590727,0.00834562418250856],"[\"2010-2011\", \"1980-1981\", \"1984-1985\"]":[0.09681777558268298,0.8816122960528819,0.016938773047104984],"[\"2010-2011\", \"1980-1981\", \"1981-1982\"]":[0.21459510399880383,0.36523893238693406,0.4173943864092059],"[\"2010-2011\", \"1982-1983\", \"1984-1985\"]":[0.0,0.975,0.025],"[\"2010-2011\", \"1982-1983\", \"1983-1984\"]":[0.13285294541136383,0.7915138902882373,0.0740075483486206],"[\"2002-2003\", \"1984-1985\", \"2010-2011\"]":[0.060158639644724635,0.138503514585227,0.7938570615647423],"[\"2002-2003\", \"1983-1984\", \"1984-1985\"]":[0.12790235563816954,0.8470976443618304,0.025],"[\"2002-2003\", \"1982-1983\", \"1983-1984\"]":[0.1585212175521437,0.8327939645178237,0.006653923045441087],"[\"2002-2003\", \"1980-1981\", \"2010-2011\"]":[0.04430674767346366,0.569874511668117,0.38840264063189234],"[\"2002-2003\", \"1982-1983\", \"1984-1985\"]":[0.04622437068093046,0.8020763644557963,0.14889603382016672]},