{"combinations":[["1989-1990","2005-2006","2003-2004"],["1989-1990","2005-2006","2004-2005"],["1989-1990","2005-2006","2016-2017"],["1989-1990","2005-2006","1999-2000"],["1989-1990","2005-2006","1998-1999"],["1989-1990","2005-2006","1982-1983"],["1989-1990","2005-2006","2000-2001"],["1989-1990","2005-2006","1992-1993"],["1989-1990","2005-2006","2007-2008"],["1989-1990","2005-2006","1987-1988"],["1989-1990","2005-2006","1980-1981"],["1989-1990","2005-2006","1988-1989"],["1989-1990","2005-2006","2017-2018"],["1989-1990","2005-2006","1983-1984"],["1989-1990","2005-2006","2014-2015"],["1989-1990","2005-2006","2015-2016"],["1989-1990","2005-2006","1984-1985"],["1989-1990","2005-2006","2011-2012"],["1989-1990","2005-2006","1997-1998"],["1989-1990","2005-2006","1991-1992"],["1989-1990","2005-2006","2010-2011"],["1989-1990","2005-2006","1985-1986"],["1989-1990","2005-2006","2012-2013"],["1989-1990","2005-2006","1986-1987"],["1989-1990","2005-2006","1990-1991"],["1989-1990","2005-2006","1981-1982"],["1989-1990","2005-2006","2013-2014"],["1989-1990","2005-2006","1994-1995"],["1989-1990","2005-2006","2002-2003"],["1989-1990","2005-2006","2001-2002"],["1989-1990","2005-2006","2008-2009"],["1989-1990","2005-2006","1996-1997"],["1989-1990","2005-2006","2018-2019"],["1989-1990","2005-2006","2009-2010"],["1989-1990","2005-2006","2006-2007"],["1989-1990","2005-2006","1993-1994"],["1989-1990","2005-2006","1995-1996"]],"sum_func":"sqrt_sum","opt_func":"sqrt_sum(x) + (sigmoid((sum(x)-1.011)*1000) + sigmoid((0.989-sum(x))*1000))*100000","best_weights":{"[\"1989-1990\", \"2005-2006\", \"1981-1982\"]":[0.6666666666666666,0.16666666666666666,0.16666666666666666],"[\"1989-1990\", \"2005-2006\", \"1991-1992\"]":[0.5,0.25,0.25],"[\"1989-1990\", \"2005-2006\", \"1990-1991\"]":[0.3534869900968922,0.06467539910710399,0.5784040871859456],"[\"1989-1990\", \"2005-2006\", \"1992-1993\"]":[0.25,0.25,0.5],"[\"1989-1990\", \"2005-2006\", \"2002-2003\"]":[0.725,0.05,0.225],"[\"1989-1990\", \"2005-2006\", \"1982-1983\"]":[0.25,0.25,0.5],"[\"1989-1990\", \"2005-2006\", \"1986-1987\"]":[0.5,0.25,0.25],"[\"1989-1990\", \"2005-2006\", \"2007-2008\"]":[0.3333333333333333,0.3333333333333333,0.3333333333333333],"[\"1989-1990\", \"2005-2006\", \"1996-1997\"]":[0.6382454304972832,0.22350913900543348,0.13824543049728324],"[\"1989-1990\", \"2005-2006\", \"2014-2015\"]":[0.16666666666666666,0.16666666666666666,0.6666666666666666],"[\"1989-1990\", \"2005-2006\", \"1980-1981\"]":[0.445624460179183,0.0949065754645588,0.4607309448359003],"[\"1989-1990\", \"2005-2006\", \"2004-2005\"]":[0.25,0.25,0.5],"[\"1989-1990\", \"2005-2006\", \"1999-2000\"]":[0.475,0.05,0.475],"[\"1989-1990\", \"2005-2006\", \"2000-2001\"]":[0.25,0.25,0.5],"[\"1989-1990\", \"2005-2006\", \"1994-1995\"]":[0.5,0.25,0.25],"[\"1989-1990\", \"2005-2006\", \"2012-2013\"]":[0.5,0.25,0.25],"[\"1989-1990\", \"2005-2006\", \"2015-2016\"]":[0.5,0.25,0.25],"[\"1989-1990\", \"2005-2006\", \"1987-1988\"]":[0.25,0.25,0.5],"[\"1989-1990\", \"2005-2006\", \"1984-1985\"]":[0.5936059749441329,0.05,0.3581214702766053],"[\"1989-1990\", \"2005-2006\", \"2008-2009\"]":[0.725,0.05,0.225],"[\"1989-1990\", \"2005-2006\", \"2006-2007\"]":[0.725,0.225,0.05],"[\"1989-1990\", \"2005-2006\", \"2013-2014\"]":[0.3333333333333333,0.3333333333333333,0.3333333333333333],"[\"1989-1990\", \"2005-2006\", \"1995-1996\"]":[0.475,0.475,0.05],"[\"1989-1990\", \"2005-2006\", \"2016-2017\"]":[0.475,0.05,0.475],"[\"1989-1990\", \"2005-2006\", \"1993-1994\"]":[0.225,0.05,0.725],"[\"1989-1990\", \"2005-2006\", \"1983-1984\"]":[0.475,0.05,0.475],"[\"1989-1990\", \"2005-2006\", \"2018-2019\"]":[0.6666666666666666,0.16666666666666666,0.16666666666666666],"[\"1989-1990\", \"2005-2006\", \"1985-1986\"]":[0.6666666666666666,0.16666666666666666,0.16666666666666666],"[\"1989-1990\", \"2005-2006\", \"2011-2012\"]":[0.475,0.05,0.475],"[\"1989-1990\", \"2005-2006\", \"1988-1989\"]":[0.25,0.25,0.5],"[\"1989-1990\", \"2005-2006\", \"2009-2010\"]":[0.725,0.05,0.225],"[\"1989-1990\", \"2005-2006\", \"1998-1999\"]":[0.475,0.05,0.475],"[\"1989-1990\", \"2005-2006\", \"2010-2011\"]":[0.5,0.25,0.25],"[\"1989-1990\", \"2005-2006\", \"1997-1998\"]":[0.5,0.25,0.25],"[\"1989-1990\", \"2005-2006\", \"2017-2018\"]":[0.5,0.25,0.25],"[\"1989-1990\", \"2005-2006\", \"2001-2002\"]":[0.475,0.225,0.3],"[\"1989-1990\", \"2005-2006\", \"2003-2004\"]":[0.25,0.25,0.5]},"best_errors":{"[\"1989-1990\", \"2005-2006\", \"1981-1982\"]":57750.132323780264,"[\"1989-1990\", \"2005-2006\", \"1991-1992\"]":56951.19818114064,"[\"1989-1990\", \"2005-2006\", \"1990-1991\"]":57617.824685332984,"[\"1989-1990\", \"2005-2006\", \"1992-1993\"]":53561.66332794932,"[\"1989-1990\", \"2005-2006\", \"2002-2003\"]":58239.76884297631,"[\"1989-1990\", \"2005-2006\", \"1982-1983\"]":53256.889303112504,"[\"1989-1990\", \"2005-2006\", \"1986-1987\"]":57461.07705729406,"[\"1989-1990\", \"2005-2006\", \"2007-2008\"]":53696.542872208156,"[\"1989-1990\", \"2005-2006\", \"1996-1997\"]":59425.100237805025,"[\"1989-1990\", \"2005-2006\", \"2014-2015\"]":55590.41945084222,"[\"1989-1990\", \"2005-2006\", \"1980-1981\"]":54089.961524036575,"[\"1989-1990\", \"2005-2006\", \"2004-2005\"]":52247.1463737197,"[\"1989-1990\", \"2005-2006\", \"1999-2000\"]":52889.588172444084,"[\"1989-1990\", \"2005-2006\", \"2000-2001\"]":53490.61211962548,"[\"1989-1990\", \"2005-2006\", \"1994-1995\"]":58085.36897982872,"[\"1989-1990\", \"2005-2006\", \"2012-2013\"]":57426.94899032725,"[\"1989-1990\", \"2005-2006\", \"2015-2016\"]":55741.109996837265,"[\"1989-1990\", \"2005-2006\", \"1987-1988\"]":54019.5431685808,"[\"1989-1990\", \"2005-2006\", \"1984-1985\"]":56088.19499330888,"[\"1989-1990\", \"2005-2006\", \"2008-2009\"]":58853.62177252361,"[\"1989-1990\", \"2005-2006\", \"2006-2007\"]":61033.084017958885,"[\"1989-1990\", \"2005-2006\", \"2013-2014\"]":57860.21062931547,"[\"1989-1990\", \"2005-2006\", \"1995-1996\"]":65587.65458135385,"[\"1989-1990\", \"2005-2006\", \"2016-2017\"]":52874.483715922965,"[\"1989-1990\", \"2005-2006\", \"1993-1994\"]":61054.673957202394,"[\"1989-1990\", \"2005-2006\", \"1983-1984\"]":55232.182128508895,"[\"1989-1990\", \"2005-2006\", \"2018-2019\"]":59570.21457979999,"[\"1989-1990\", \"2005-2006\", \"1985-1986\"]":57318.035748039634,"[\"1989-1990\", \"2005-2006\", \"2011-2012\"]":56588.097806855294,"[\"1989-1990\", \"2005-2006\", \"1988-1989\"]":54376.88037771909,"[\"1989-1990\", \"2005-2006\", \"2009-2010\"]":59831.63260551346,"[\"1989-1990\", \"2005-2006\", \"1998-1999\"]":53102.023311239864,"[\"1989-1990\", \"2005-2006\", \"2010-2011\"]":56978.2965393492,"[\"1989-1990\", \"2005-2006\", \"1997-1998\"]":56823.88690359534,"[\"1989-1990\", \"2005-2006\", \"2017-2018\"]":55013.880382718395,"[\"1989-1990\", \"2005-2006\", \"2001-2002\"]":58293.9120202603,"[\"1989-1990\", \"2005-2006\", \"2003-2004\"]":50629.72816640199},