{"combinations":[["2010-2011","1980-1981","1982-1983"],["2010-2011","1981-1982","1982-1983"],["2010-2011","1980-1981","1981-1982"],["2010-2011","1980-1981","1985-1986"],["2010-2011","1980-1981","1983-1984"],["2002-2003","1980-1981","1982-1983"],["2010-2011","1981-1982","1983-1984"],["2002-2003","1981-1982","1985-1986"],["2002-2003","1980-1981","1983-1984"],["2002-2003","1980-1981","1981-1982"],["2002-2003","1982-1983","1985-1986"],["2010-2011","1981-1982","2002-2003"],["2002-2003","1981-1982","1982-1983"],["2002-2003","1981-1982","1983-1984"],["2010-2011","1983-1984","1984-1985"],["2002-2003","1980-1981","1985-1986"],["2010-2011","1982-1983","1985-1986"],["2010-2011","1981-1982","1985-1986"],["2002-2003","1981-1982","1984-1985"],["2002-2003","1981-1982","2010-2011"],["2002-2003","1980-1981","2010-2011"],["2010-2011","1980-1981","2002-2003"],["2010-2011","1983-1984","1985-1986"],["2010-2011","1982-1983","2002-2003"],["2002-2003","1982-1983","1984-1985"],["2010-2011","1980-1981","1984-1985"],["2002-2003","1980-1981","1984-1985"],["2010-2011","1984-1985","1985-1986"],["2010-2011","1983-1984","2002-2003"],["2002-2003","1983-1984","1984-1985"],["2002-2003","1983-1984","1985-1986"],["2010-2011","1982-1983","1983-1984"],["2002-2003","1983-1984","2010-2011"],["2010-2011","1982-1983","1984-1985"],["2002-2003","1982-1983","1983-1984"],["2002-2003","1982-1983","2010-2011"],["2010-2011","1981-1982","1984-1985"],["2002-2003","1985-1986","2010-2011"],["2010-2011","1985-1986","2002-2003"],["2002-2003","1984-1985","1985-1986"],["2010-2011","1984-1985","2002-2003"],["2002-2003","1984-1985","2010-2011"]],"sum_func":"sqrt_sum","opt_func":"sqrt_sum(x) + (sigmoid((sum(x)-1.011)*1000) + sigmoid((0.989-sum(x))*1000))*100000","6.0":6.0,"best_weights":{"[\"2002-2003\", \"1982-1983\", \"2010-2011\"]":[0.0,1.0,0.0],"[\"2002-2003\", \"1981-1982\", \"2010-2011\"]":[0.0,1.0,0.0],"[\"2010-2011\", \"1984-1985\", \"1985-1986\"]":[0.3333333333333333,0.3333333333333333,0.3333333333333333],"[\"2002-2003\", \"1981-1982\", \"1983-1984\"]":[0.025,0.975,0.0],"[\"2010-2011\", \"1980-1981\", \"1983-1984\"]":[0.3333333333333333,0.3333333333333333,0.3333333333333333],"[\"2010-2011\", \"1981-1982\", \"1985-1986\"]":[0.0,0.975,0.025],"[\"2010-2011\", \"1983-1984\", \"1985-1986\"]":[0.3333333333333333,0.3333333333333333,0.3333333333333333],"[\"2002-2003\", \"1981-1982\", \"1984-1985\"]":[0.0,1.0,0.0],"[\"2010-2011\", \"1980-1981\", \"1985-1986\"]":[0.3209956033577488,0.5068958646568829,0.1776089938745245],"[\"2010-2011\", \"1981-1982\", \"2002-2003\"]":[0.0,0.975,0.025],"[\"2002-2003\", \"1983-1984\", \"2010-2011\"]":[0.0,0.975,0.025],"[\"2010-2011\", \"1981-1982\", \"1982-1983\"]":[0.19806846113801868,0.3242412987972498,0.46992183976675383],"[\"2002-2003\", \"1980-1981\", \"1985-1986\"]":[0.22785746598137388,0.23035859760734517,0.5379070878010441],"[\"2010-2011\", \"1981-1982\", \"1984-1985\"]":[0.8965166069722681,0.08839588115027062,0.020532215425274947],"[\"2010-2011\", \"1985-1986\", \"2002-2003\"]":[0.025,0.975,0.0],"[\"2010-2011\", \"1983-1984\", \"1984-1985\"]":[0.3333333333333333,0.3333333333333333,0.3333333333333333],"[\"2010-2011\", \"1980-1981\", \"2002-2003\"]":[0.0,0.975,0.025],"[\"2010-2011\", \"1980-1981\", \"1982-1983\"]":[0.3333333333333333,0.3333333333333333,0.3333333333333333],"[\"2002-2003\", \"1985-1986\", \"2010-2011\"]":[0.025,0.975,0.0],"[\"2002-2003\", \"1982-1983\", \"1985-1986\"]":[0.3333333333333333,0.3333333333333333,0.3333333333333333],"[\"2002-2003\", \"1980-1981\", \"1983-1984\"]":[0.3333333333333333,0.3333333333333333,0.3333333333333333],"[\"2010-2011\", \"1982-1983\", \"2002-2003\"]":[0.0,0.975,0.025],"[\"2002-2003\", \"1981-1982\", \"1982-1983\"]":[0.025,0.975,0.0],"[\"2002-2003\", \"1980-1981\", \"1982-1983\"]":[0.1603836405788198,0.5780887409800651,0.26308828529344336],"[\"2002-2003\", \"1983-1984\", \"1985-1986\"]":[0.18340282439491062,0.22644642654790229,0.5842685673549094],"[\"2010-2011\", \"1982-1983\", \"1985-1986\"]":[0.3005591319562308,0.17864448758868542,0.5177184795244423],"[\"2010-2011\", \"1984-1985\", \"2002-2003\"]":[1.0,0.0,0.0],"[\"2002-2003\", \"1980-1981\", \"1984-1985\"]":[0.0,0.975,0.025],"[\"2002-2003\", \"1981-1982\", \"1985-1986\"]":[0.1014216625772296,0.8566891916587938,0.03665834475635915],"[\"2002-2003\", \"1980-1981\", \"1981-1982\"]":[0.3333333333333333,0.3333333333333333,0.3333333333333333],"[\"2010-2011\", \"1980-1981\", \"1981-1982\"]":[0.3333333333333333,0.3333333333333333,0.3333333333333333],"[\"2010-2011\", \"1983-1984\", \"2002-2003\"]":[0.0,0.975,0.025],"[\"2010-2011\", \"1980-1981\", \"1984-1985\"]":[0.0,0.975,0.025],"[\"2010-2011\", \"1982-1983\", \"1983-1984\"]":[0.025,0.0,0.975],"[\"2010-2011\", \"1981-1982\", \"1983-1984\"]":[0.3333333333333333,0.3333333333333333,0.3333333333333333],"[\"2002-2003\", \"1984-1985\", \"1985-1986\"]":[0.0,0.0,1.0],"[\"2010-2011\", \"1982-1983\", \"1984-1985\"]":[0.0,1.0,0.0],"[\"2002-2003\", \"1984-1985\", \"2010-2011\"]":[0.0,0.0,1.0],"[\"2002-2003\", \"1983-1984\", \"1984-1985\"]":[0.025,0.975,0.0],"[\"2002-2003\", \"1982-1983\", \"1983-1984\"]":[0.0,1.0,0.0],"[\"2002-2003\", \"1980-1981\", \"2010-2011\"]":[0.3333333333333333,0.3333333333333333,0.3333333333333333],"[\"2002-2003\", \"1982-1983\", \"1984-1985\"]":[0.025,0.975,0.0]},